588366059,QmQziEHG6kdvxqq4TeoHnvvUD9Eayx5nqAi6RWej1SmPfc
982784,QmfUb4bDA2xE7iK1dCf2SEgcGLwfj8eTy1LVGgVbLtsb6S
990295,Qmd7PhSBxGhr9HQkw6kEs6wZWjg5NVpxuW9iPeJ1GzNCJX
340847967,Qmb6a9usSsnoGxS2Q4we8LMYP6hHCFzk4cdm2qwDKNM8Dx
1794737113,QmS7DccDrTaULvtkXtyQEutLRYhFYnUTYTgPkf42uJr15M
66306813,QmZZZ3v2xkKcGjVBQbNLW5QygnHRfnzKiRzX7VDZRgf4qH
982785,Qmd62d9oLmTGRtHLtpEqc7CLFBwW9LwteW6myuYuV5DDt7
2087680728,QmQcsH1FF6p3hhjCbjj4cecRFCZzywQ2kwP4SfR3m1wBRz
269336142,QmNQDpTiSnPq2QJwiTrsZmikwYbHZ9RmDc5tRqcnvJbjtD
513680235,QmNzG7zGBzTTaBvUJYh41XsmoTMFohCnrjzdwJKnbv67uz
1096685573,Qmcbipw91qtDPFmBZ5kHrrMxd66x7tmwF9YUA5pPxYoGxN
899318233,QmP6XLa5n4LZF3homyC5y3EMuvFyJKcBq73m94MRLBoCqe
1612713006,QmXaztmUo1m9Q9nzNLaXSKwLEBMPCqbw6b8ZetqzKwqxoj
1389800576,QmWEZg5peDsfYUYQfE3t8296N57V6U3C5ZaMzzS1yNdJDR
2056111552,QmUFZ4NBB5hfHmj1SuGqKueU68xvxiCTBZMGq9NmEo4Kdq
1179493520,QmYhJEXkNfRx9MuZqxxBKD72aZBSaT4D8QqDxB2SWWoqgz
120941489,QmQSRtsxVPU9ASzKkwLsCLdxfeYfXM6e3Uo53qvoEWaxNU
890712381,QmdFqk5XymDxhwCzYjDj9mqgQkoxNxFN9FvVtuosiBMmo4
19624,QmSB826SHb4ecawYHwNzQFCj8QU3reSp1j3RKhwHntuq6a
360875205,QmbJq4S2FfCsZ283SFxm1QFX2eJRtJKqr6T5fnYkfW8oHi
1433036037,QmVtBtjx88JwDMcCwEMHr7ZjpXHWc9NSU7guR293N25oSC
1428602627,QmfFvc9K6DFUrfHZwgDPqijgxUH5ECki8jEjBas96S8mP1
814688599,QmSpS7nSwWsEwt34xgrJWmtHhKJ3hNU5vq3gJ5BLwAQRQz
1362584709,QmNXsnHBPBWbQBG8wKBj2uYoBeEG2piYpHw6xdGVEh6sRa
337370832,QmZPfq85KJtyrQ2jjxFji4tCTtc5Rfgsb1Rj3n6drkFTi9
1940244666,Qmd9PEh75RMFspXJTGSmw5MXv8QEhoEwv4oYWZ25N4hQ2n
2140788311,QmT3P69eJKec4sbbPxch8LkRK1KJsci9xEkATVixyccF6V
822867790,QmWdmmPzyzEuURppLVKmQMjKG6Cb36zneVPhmPQhRGsbPH
1952877503,QmWqgAG4HmZdhYKnH2gLqeJLmwFNRxSbo1KzWE1VnTN2To
1988744812,QmWqHLHgWqmXNrsEmiDbhXaTmVjuktwaFoJhz7fd7Agr7k
342396133,QmYLGCigbnKfG8iUoC6Yj9ay4neh1DUk9c8YWrpXL31xK6
208109752,QmYAuX2mW5yTaiNa68GDvX54b7HebDwRMcsFNXJNdnySMx
390471032,QmXJvcZ4ctMgq2d6cLQnybwmiRwTfGokRJiS8cYbsyXbiz
1701149959,QmSYAhBQK1sLCWAdqV3Dw7XZF1py4Xqk5pbtSBRdqCUFGo
1936332752,QmdcYqHoxWyTZZuYqkU4qoRNas8e8XPLe3daR9sz8ptA7n
784893,QmaoJjxT2gmXcKV9McFCoWpMs5QTZFjsP4VQM1PwLAcQbQ
1240683776,QmWjL72vsdqJLKqe9wwAf298V2oT4BYx9nGNfx16rPBuJs
18261585,QmNX5ytmdGFfDHHqiYh5s3W8cMuUFhnpXeYn8XVGrZt5VS
1096189,QmYJFNbzLdKkMwQNa12qV3cMBkVVmCiQ3DFGqZhN1bPNtQ
1096197,QmTrGLsGDPtZPqkaScu3MMVxE61TJ7v4nKNfQpJcC6dqTt
1484842908,QmQVdookShJUNKcRgZ3hz1wFk9zrSrXnTYRmf3FbjT6E3C
398189969,QmPWU9Ai5XYYdP4apR6mCjZSN1HVWh6QDoMKtdR7BKZPWB
659707464,QmcAfBQcfGVM8RZf1mxfLRWqve5WzERYX3gqs3bC68tNQC
1586211411,QmYGxyh7y5GKMbFUzLxkTrDLbHuEMNatRRdX1ue65C7aKW
1951341221,QmVakU6CCgrxKBfhfMWMFyhQRXn7RXgxHMD2zrrb4kLNwm
709916,QmcHuDpr7xCtAqmCnRNr8D8dRhzTxQ389fnC6WYcXunzxR
1058269,QmbRw4bHVXxMsou1kBW2YhUKkkG62WtNWP6zZaazEvoDNE
159766,QmTrxgernskpPGmwfSzGDcX7EKEqVKdqjZoPKNUkmjAHQj
1260523320,QmfNKsT3G2fHUBcGWDHRZFJ2LQYSvoy9ZVUZdMJidxygNW
1701482538,QmVhxJvFLWVSnAVp8UihXeuHp4oM8UNyUVfzAQDsoo75xS
785070708,QmXVgNpT8ARSLLL6EsVqXHRmCc7CHriBCgF4tkvmhWvSHN
396774597,QmdX2uUktWgCYvKNFqEs95e8BcEQMo1TeJZkCFemKakMLW
565420593,QmXuoGFNqPsRx9AYQDrGMTmJPLxbXwYoRnjQ9kKr4zw1oM
1060941,QmZQpXt6KUvqjaZHmoRxj3bL9Sp3Qv9hf9FPr9T7LC5jpP
1340452839,QmZ16qQ58TnH48eBa11nqNtJjx1LJ8q4opCGhuerjeJvBu
576803,QmdYmDm1wKNPA3QD6YuVbbjDw9ABGjN1ch5pm7YjWVBP7h
256340509,QmRGaQ3y9HVaeRZL5Fi1ovDUeP2QGL6rkvbwa5Foz7UTwS
1103754,QmVFncGpvStwuVVLvgPQEh5sgkHTuWdZsPM5zkzDNL9YQT
1089090,QmQcuXZAxccovvBqKSRde7mTtp5CKHak6M4AmXZfCk3dSm
675368265,QmVoumu2RyPAxNgbhDSNhZBYF8m8rYMMbAYrS9NC7SDgsg
1705685281,QmUZv3ZKGfHQHeg6f7MufstC2yJHX1KKhAfxqyAUva2tdL
1064790,QmcfNTAozVynhci89rYDUchX8VmJGSLvNishDp7YF7YYDh
1047027,QmNhWjeGhG6Jx8tn5PFrZYgSgyWbvVFq2HmGuq5GVzYeYY
1052757,QmYn9spbvqJirT7fyfWbmNrDfsy9Q95ZePwMLBGFGi2G1N
1054725,Qmay6XPphewSwoGNebdgL2kmydeHDrKxtRVv7zJpdfvxcx
1017543,QmPbcwJg1DY5ARWjuAnB1AW8XcJmGwQR9Wc78sPhQ1iJUL
967774,QmRbEjW5o8gA7WmftLjJbnB1NgDy7MX61knACicxH6R5V3
1244026249,QmV1JryDpkAMB7yPiitXvS1668vgdWTB3ECghWfipG41GL
971866,QmT19xUjkLMGsrq7aCju8NxTKVv4TZ5HjexQ8YurFB2FBd
1014516,QmZhWLpyfZCnUacVHQhTpPnUtdtAa4pxZA5pCCcMjx1rr7
692497,QmabwQWbezSqjBvVSmAnBUEfzT5qzmkQZMZpcXK1XieN41
1043010,Qme8ACc9THPAX18eKcpGZrWnTp8GbV2XwmZuFCwh1m3WN1
490011,QmcT8195nBxWVoXwtuw5s8f5YavGCuR69Pbs2w7zY6Bo77
1029503,QmRd5CD84xVGxZCjsEUE4uvJB7jy3qYiuphBwgFEYq1TqL
921082627,QmW6vrFUXJCSoxE35s2YrkJBaxZTbzPr6AvsmC9AzkGPuH
1008626,QmemYsFAN8fWiDBSXgu7GFSpfyXQYS79CKePqr8Nc2rpEF
953659,QmVhN1dVpYaTurzNdkHr4Mr12q3kH7k4KSGnVskJuAb24x
977477,QmeKbdaE2pKfJfU2mZfuzzC7K9pw7Tet7qnarEC1pjtDpq
946032,QmNXB7cTtmwUosYtYcRkkD5GLKddYQdekKwxGfaBTwsf5M
917972,QmZEsvmgL6xd4n8bHHWiYDAv3hjreqadNmKC33wBC6TK18
996938,QmSWRkKXcjnHXsP8v4VnyT3XPEkqbdf9R1haAPcWuxM16g
758809,Qmb8dnraoEGVhUGFxZHSysxc2t3mJHbt6C4FGbrwb5A954
998642,QmRyDxtrxd4Vt8op2Y1kyC9PTWAQ1nj74EUpLHyQrmou3x
913624,QmcbboYtsqYvHAsV4QUwMYCc6a3kLktqFcHKRW1rLdLVAo
747106,QmXTaJSNbrX6hoYo6bJzxMj38AjBzDYAhGLWgzdRFGtUKY
683822,QmbioRULcHxZR33ZtDqHDAeEWJ4JNZ5Dsh4DEuCEueMQY7
725725,QmbAzKiYXzS7hae5GJnBjzFCH6F8sCq8UNVb6WcgcvjLSL
1786265259,QmYTyjjMG1Df7rR86tjykg1pAE1Gv2TLmUwGaBoCi74MH8
686749,QmXmJjF9DxMy9gia16Weok8dDpFbjPLJAwkDLHhPcEogCS
701197,QmQgtKhNppe5Rmzgj9s4nwQZE1pSmn6PF9KoSnTGqnwYEM
2003463421,QmXHECm1ftcgiZKoj6xZBkxDXdNezxuRDxsptLgMsrd5cB
1072335,QmaUunnbCPUehLquR3QitAutbYFbgKN3yJu1HrHS8YWKPG
1040597,Qmf3U4tJBeK2GjCVzKwoihma8yUWGy6a8WoQbyCszHt8pW
722727869,QmPExKiMtCWYHWg76x3ygzz4ug8dNcXtiZXuYVx62bgwLg
782466047,QmcGzEv6r9bPqDSBtuBcXM5zgYC9GVEJdyBePeQ67Pij9W
412665657,QmUtUHZZEciAoB6pTctbV1ggXV9DPNA2JVwaMhb9pvZNC9
1260915636,QmTDdAR1mkTkAqmLjvjHjFSyWBuSfo8qxkAkSqbJmcf9bK
1658325086,QmZmn4dKA3JR472vpYwuDWGWN8v6jZuYeTAeGDCYi1abc2
593512925,QmVJDoGvrd8jrAuDf1efRfy2v2nafZ8mNH4yqSzFevKVsm
689409552,QmVV9hZFQ7LXMuUwXBa9eiGR2qNzTviuzf8wXUYpKbESWh
1413260477,QmPVqtRBAArs2SRFA46ZgjbeFpCCCre4G5VZ6ttZPBVPzV
2102004020,QmXLjzsbTNxg4WDbkPnW5kGbQ8tX7gHejkMVfBYAGzBhbJ
1106372,QmTeyT2gJYpo5acyZcvMmP1WLYDwCXPFRthqVwHU8Wrdbp
128226335,QmUQLZXM12KVBin1DQYZgZ5kFaAtugkiXph7vQz1gvHR8i
1455253569,QmSU6VJ3t3w2Eac4RtkL7nJF3b4D9vnvuanFYtGeHRRrEN
1773754818,QmYGkXwfLmJLTZpr3ufXnTSdXeAujh6x5Lt5aRVp9fC9Y5
61068393,QmQeNYdFNwLrfxNcBatnFjZvPnSowLmA1jpxkztYjpdGUp
498547,QmPeGSrHm9XrYH8qHbwZTq72VyuEXNsBzG774KcmcR6fkx
938971790,QmUKjo6GDJCf7QzvY98ZJnmUdqXyzueMjxCw99N2a51VBQ
1092119157,QmTwP4vhA8UJ18pkxukfw6ajwXFWmodGtMVZ8bDU5GEMjX
722390927,QmZPDzb5cHcM5mT5dc81Gk2JgcB7JGt9js8uh86JZUTJnf
599240,QmPsMrQWTm3yGkXVmfiJzouUGPYryzEvnaUPUfM8jHZ2UV
135152634,QmWa722hjK9q3djq4LCKu7c5GUvUFLynw3nx3TZ658T9Zn
376683,QmY1XszRQ3P86RjiNid5Kk5iJCehkiimc7V66g41JrT8t9
1172917950,QmRZagiX5aZ5aMZGRp6n2maRvtWvaBkjECL5Uk8sDLMUZU
810168254,QmY8AQdxbbv7YAofRbgwtQmE8d4gRfPopJH5urrWrsEyyS
345452498,QmQ2dMBEHZJT62CXwwWcwnxEoYp5LJqNA6wXfenL8vZ2eA
760862748,QmTvMgtzLpQiBZaLk21qT1wtRrfV9znBFnPQAGGtBH8KpC
982446060,QmbZMrnVmPcTxyPwEbNPzAqdtXMGokNTDPZWmas2ffRS1n
1463096264,QmWDY7EeUR3nkgpazrkVST8ZF5HeKhCQRttC9qZHgU2UxG
345346397,Qmci85GGPekAFq9yWWadn33JiBkoaaNfvwRkRSoY3EziBV
1434351491,QmPZnAqrNi3FDZjEQrUUnA9gRcuQsCmpxjEzTACNBfsBZs
1014823,QmP3pS67B3SbgZztx14nunH9NpfFHfDRwmeChoGdVkmpG2
592061,QmaZbRPjkLVACLEnJ6pyYPNsBLdKURj78352NvaoHvDsnC
912422099,QmT1z9JSSmFBrb67WB9nUTk2bMTSNJdoD4SMPNnfdv2sE1
1743374498,QmRX7PyxX8NwK7Sp9WsPx2rGUDjFfySFM3SFkRhhP1wiPp
931051,QmYJVe2BQRQ2ajjzfbgma3Jaxj5Zqu9d3fL9URe9AgE3qQ
734857241,Qmai4SREgLg8jsawKVqMPMVKyo9iTdme5r8xNRx3pUCAgS
1732128819,QmRjkVQ42MUpPKD8FPSRDrPSiCVfsX6RBm66AknmfV9T28
1051088,QmPqrC3cuhfHLCLkZcYdKL8UnPRAGGNU2qNALHqmGvi6o5
2071653017,QmcPkVeFhRTztuKM1LDZfmxvyBkTw5TS6H2KF3J9VnzbQt
736967373,QmTuwHtbWzLojF37uQHvuPAMSMj8YS9Uu8qwVZfaMPCbZi
764530,QmRYpVj8ea7jRAufKzC9KFb8hE6degs76Rm5ufA8iHWDga
1694879871,QmU1JDByTVcWxmPZkKbN8oDGbH7W7ppgp7ZcEBvWS29u17
1646251238,QmRm2T5BW7FS3Ak9PYopajTbyyBaCarQNYfXSNMEQ5UtfG
732145076,QmSByPi1pdcMX8xLWQFabc1Y5cyHmZ8HyJrErZvi8aXu7n
910289496,Qmf688HxFeHh3z85MEZbyBghiNnWz6uXHR1dkpjJa9XcPx
127615607,QmTRrLo3B2qDpwfF9gMh3EZ1VQ734eiSHM75w481N9Ei2K
1222414346,QmeYx4G2zZSGRGLgUrZ8b47cAxmu1bWNfvMPkMwdei65PL
2117078217,QmeFDSX7bTejMtEg56ebyFWCqddbkK2miX85sVTTkjAgto
1501060577,QmV31uvfN2US9scCSgFf4GFZqJSfLr6Zt2eWVNJQoxNRcF
1503217587,QmS7h1tmNrEgt9NUTxVCnZ53j3jt4YvZHMsVnZ3CqZ7hA4
233323651,QmT3dcxm7BZjCjib9Vi2RPGB8idc5Cj5HV9KhKeHS1Cat5
1477035328,QmeEZsZV9LkRNhvbBnhH1zp7mKFiLp5P6tYGZ3hwkbAbDS
1119435,QmbQ676rDSVay3ou64d2XmxMBfAYETR924tSBTznowNbec
700885876,QmXuyWv9oGQ2qGYeqaz2TUCPp9W3euGvhfPE8d86isqveb
1119432,QmQNaXUHxf9zLqtYzf9wSszqZcPe55ZJ6Q3fhYWhvqih4r
1119430,Qmc2D8fnd9Br9g5dyvEoXZSWsCc2PJYuH2AsrJoQH1EbPm
1119427,QmNfEB1k3VDXcudJs9wPE1zpxinBAQed2XHgkQiedL3EDf
764504,QmVnDD15EjmtuXDqmamEUJwZxtC5N19Q6iAobdcLprEoWV
587213,QmcQXaRUSe3q4KPYKY5BRdGf5Ehcgm9tDgMoLZ4fYNLa4T
1119608,QmWqCM6pNs1uMGK1qPpNeSKa6p214EMYb7sKmmzCZkFNNF
534037,Qmaaoa1HviJQRrSeE3C7mG92iWhvqyRgsThcR93moHY8hD
577857,QmXo3NWGyqMJ5bgmcvaQiEFpiBrqzr7f611NgCCTw6i6xz
606793399,QmRfMCkXAAeta4ogaM93S4BnAJre4cPgnnZJ8RncDh6hGA
534039,QmdV3ycQg3nUnriHgLrp7EeosDtH2xTWdNN8acUTDewmVL
1924850790,QmerHhbrZ3zVvUVvdqkeWQqbMVn6axa6WJjPbPyjKTQ6cS
571812,QmaACSQxpzcKf6tHMF1wgQdV38KnCUR5FvpmM1yvMiZPGy
1049932220,QmYBHv2L1Vm32QeNiLigL6RkM6dDFKaC38p65qhfXT75vG
1061875314,QmcKcZgoCSmRhkqKSHLChHwiPuC4iuyo3qu1AtjF3GBRAX
2001605875,QmccCd1cXk5XYKsS7Ec8Jxv2ZNnee5sYeSdifa2mj43pMF
1869313990,QmVCYWY6akUG1zMpfcHxkhs6RKy7cUdMmmK8KADiThoa4N
2077970161,QmYRu7umYY5KxBWA8YWTQ3zLRersP5we1akXCgewtXhMki
360209888,QmXkiuQAfhAgziwws5tt51EhjuhSVD4KUKTRqEqyPKGQw3
1710638364,QmRVcxDiBQfo2P9VC3FTUZHcTVGG8zEVXvUmXbHCwBkEsG
1234166537,QmS9Z9mqsyGcrqN1coFu9ySKbmpBiyV4U8rz4fVyJ7xbAD
1130051,QmXeEZEThfJJxjedGHBZka4FUnKmNNSCLrMkDJiShrNccV
1762749150,QmNSZwYvXDtCKsaGYn1wi3ZmDQ1D77mm1nDy388gCsixbB
862903005,QmbP651ZzZRGxQvNg1e5F41Vm3choMXF72rQbn2isRQSpt
1871806368,QmYgCG2fDBuEkimBwC63fBRN71qwAodxMLvbAJDW4N9btt
501164351,QmYczzTjZi41pMJjo12EMyihJuf7KEjY8s8mrjz9XjvjxR
1261848016,QmYF55hodwGaZZ9HEuQ64htq9P9PPjySP94ita3AggifEb
940458318,Qmeymr5KGLS9sr6HpFGzT6zzkimdxwEhe6FCE2wWjAgxvT
1311610890,QmbErfWFEttJ27Y7Q46jvgS3y9NaifzU5h9FkLSuPA5HSu
535807,QmR12aTZdM45DCGZ66urBqDDW1W3qErM43hNxP7LK3GyCk
864143704,QmYZJnDDvjswPz6FadXM1moLmm3YJfyarpAvYLhNFFRLrp
389690079,QmbbXHjhJ5CbZpRJir9McMsn4DqsNkXPeAeNLWWdRQT99q
568938,Qmc2Up542XZvyb4ySkRNxafF6Cxa3zTcnPtCPtExAGbqvS
1106693,QmakdwmZv9tHTsRY4nCgJehhgNJnJYccd4URS683ur5xUi
985159,QmNezQ8sA3kn3MRTkAnXcM33TX2TKdfYfWKjNum5xadN7Z
806209822,QmNgtZ7oKCfX9PmbP8MLShL1h1PCkrbM9Pdk5tFRYdrxmA
275865971,QmWFjHsKDipC94zC2aT4ANzmDW6Dv28AH6xe2dUurxh5ph
918485350,Qmf1hDEu7uEU7tbifE2hcDBRBRtqonM7y7ZLcFmp3wbEGE
34107037,QmcFEmkMKxao87SBUSQLMCPcuDcGM2vrrgCntU9UkJAENf
481613788,QmaPQjaFfXQzJvx2Fgv22X1r4qRZQ7tnWKDETprutgLUTa
1072204,QmbLmN2mnZV4Wmx6uMCxKCXVJiPPhneu51PTxdBBP5EKgU
667739396,QmVGsRmE3o3LvYZEnaUfK5vLqPaJ3TEzZCSb9L8Ze1jGqs
1117564,QmQs9smLpF9Nh8S8XqJ9LBq9MhKqzpXQFjHDadVhS3rZCL
1013059950,QmdRnpFvoK1HP9MVH4LEWbPtLXoCHAUzWsR7X3AeWmf9YC
320145435,QmUYExqEQEBZ9jbdBsGrcKWWfTpkEZq6x7QiRefAMRmtNo
1115192850,QmeYuHLfJKwa57d25WV3PygzhiDp6xb16hBufVaC7jpEur
954361,Qmb34Vu2Khq2hvVYpEyKG1wN75LP7sSwJwSRsXUYUM8rvZ
1895255111,QmRYJNs914BpFfCiDJJTgTk8KauhrtPFPe5L33je3gAhU3
1387185275,QmS64g2puSpetxm4oHZefZJwxQijP6DhFAbGZHXYsKY41e
1405268376,QmUiNuccJzb7284BZimnwyoANSyrr5caXxjEjUtVerXJMU
1096227216,QmaWXwZfcifpKfGyGqmwwonaCEzDsSc6nd8eukqKF3LUHL
427198355,QmPNHSfYvXcVwuPj5iF1UMU9pGqCtkyCUCRCP7odCgYXyF
1901652683,QmZeVXB13nnx73qzAeTc7RmziaHAN2tgW8jJyeHQTH9yMa
789681475,Qmf8SPcAaLCSan9iXjqNd7P9c82oCR6RkL46pL9BMgD8sj
837310981,QmUrSMoWdLqqCzQqc8RdWrmwiBeMrapnGbpvfbivbw94RM
1742012370,QmbbYRmt2U8761nigXtDLvrz7KG7vGLvHkfG74nnMVCLaV
581327644,QmUbATPoNgiLYDXh4oevh7bpDcvkEf4Hwf8kn2RsVBcjjq
443815706,QmVwDKj2fc14RYu1rWwy1BL5ywuLYnXv5yGGM7Cg6YNcWq
1536249174,Qmaf6KzqmNaWuKhGfHSVFDzRaUCmeQtYQrbg4YuQysqVBu
1861008674,QmS1MUME6U9mkdV5a7C4ZgvYztveWH2uQbEH6W28AeHAxw
181678023,QmeaonkSHFWhUDpCmUhttsaAkEQ92YaFwoiLa28oQwDdKG
223245945,QmNZPWj1iKtPN5oAzC2RtW271kon8QBuQLgoWFSkKtJc9L
1151422587,QmZbUthToVuPqorbXewNQszFD37wkDE1wVJRcPACqC4Yhb
205802539,QmcZF7iRcQSiXvf5iVe3bXpCX8YgPannTUymUSUVzuwN3L
317315894,QmQqXfQXvja3utNFYc8dxz5E8pFz1SNo6npCm8wt2RQfeW
768799,QmRh1SL73CDgxJraSZGpxQsuKvcmJD2vAEGPv9QGwoUUNw
1343885345,QmX7Z8TKob81xtA3aj3vPEYVMTG3bbBKcNyAD1dng77frV
1858320215,Qma9vwWFLiiwrCchtEiUaun77QNeQXKDZizNmXRWHsb5bH
562107728,QmcZPSKj7Q2eZ1SbrPArWMSLGZHxaYJx37EDiP7qkEqPr9
1372542233,QmeTBhhxb53ayAuRrPhFoiXya2TVNVXJ1BnxGbpewaaj5W
834828113,QmQboSCe8iRgg4TEEZqbbr449XoF3Fg1KmNTxYrb1jGqnK
1379472930,QmR8rZpYkyscz3TYpqV5z1ehtrFVzsN8N5MsovHu58mbHJ
1102246,QmPEcaxGb44ApNjHTfxyGGEySMFCo5ps2WbxVRv6PDS4FW
980700,QmanxNFikwQmSdymxNFLs4TmUNmPDhXg9eUe5susQfGzfA
1792890626,QmTc2vqw9CZdGnYHL6s5cCk2Pmrex7E85M6KpLezDj5YQz
200198,QmavxQWKevHD7dyjja5hNgJ9F3ZRhGh1vV95a4hJu1EZX7
1072845192,QmRkzuFSbMj2Z5AHjaAYGkGCa2Z5mitZesEZgVUy2kcXKZ
1909061590,Qmdxm8zALzhcaqjpM9fLxwsJw4i1u73jEdptGHRiA5anJR
1911491033,QmS3GBxqdT64QdATyipD5rYPfrZutfVnpUB7DYDPgALTKt
701681644,QmbbW1hpyWhCo5QDEuZ1T5bX5Hw3yuok55jjSGWFDYJHLo
996863,QmcodrjMoHRgoJbbu5oAyHzNZA52PRFsVCmy4ddnPE8GyL
1247396826,QmXAD4QkZXvfnQWa9QGU9eMKBzxDF5EUCi73n562gTEEoe
1119756,QmbkswCSKrWeLJ6xP8btAJ34XBVxaduixo3BRbgpvcRsoS
1111057,QmRvaChnTwZSvXKbwJgaaXvTEeyCmUMCqV3tEg8ddd4xJH
1513805502,QmTDEndz7XUetyyL7iwa69pGveaGUGZ1Akse2bJXJ98W5G
1079249,Qmemkxccz3apkQydfy8tAfb1MM2LUTiwEF2zQt8PVJSGGN
1079270,QmX5iGtxocT9LCTkXBpanyAbgFHZR72kG6a7jtap3Mbfc9
1073844,QmQQKq2twPZRQPCBYxVk287GZ8PbeoaDnSwp7E4yDzSdjZ
1056270,QmbptBBLXQsvvhP8ghsdGx2AvYhCHGj4ygxV7EitceN9km
1036858,Qmbabkx4d5zEiEqJPEbZP92iqZFqU67H3SuNCqUULcTt6V
1065617,QmZ6DcLzVjHkxFtqwWvvjE5QCnAZhHzqkeHJx2ScdMRH19
1056268,Qmbncwhtih3nG4BGrr7h5ZeMS5b24uG4NHA9FhZoK8kBjd
1056267,QmcDqDzp1yDTxJE4pWkmyJwno88UREYenrMFeBzFgJhkzM
1056272,QmV9FAwFnRazcUPgRsicwv1prpz4kvwxpVovoaQp91xwjg
352489,QmdQNkgqNZ9PriGajEHG531rF6UTL9tMP3E2HvrTyDxo3x
1058471,Qmbur7KgJ2a3nyxEVa3HVdspkKx9gnp9NbKDm4s8XnHwhg
1063785,QmYKh3SS29ttE6qpT47WYJeuZCiLvwxNS5hXDL7w4zMJxU
1036864,QmTmpE6M6S9SSawmGzpq1AERaxicJz2tjd4sTUzru8mc9c
1070876,QmQKai6Tmr7F87AKRxEKqxg32cbKbsHFDEjBEFtehQKMWE
1073845,QmYKqKbiUhtuXoQTujaTwjW7pzxUaA8WoYYxjn3ARvhdeK
1084172,QmWqsWL2VxTdcXshQDyKrZs7a2UhkZfu9DDZMsQhqZerxS
1084173,QmPRZf9517gdKFt8WLVdbMVzv2ut8r2pfWGLBEXsAd6gta
992848,QmdA5jkGsMiUEKDuYazoefVdgfMug1RJewStmTUnLtoGsb
1089398,QmYToZhpPdzXxMVw2uyDVVWPqBSPjGjToDBPQH7ZTBrWVe
1095634,Qmcg75NmrixQszq1MQKX7CHmJiLmj7Ag6oy7BiR3gKiRmw
1107926,QmRi3dXxjng198RjW6PWu9mpF17ZuHtsPAotoHNwzXQKei
1108122,QmaGeKhYSZ9MucgRW7YDHBzkHhBFzYBLup9wCeXEWr3btW
1109733,QmcJCA8iiudWx3JrYPH3gQM3njHvjg5u8QDa2Fo3H6TKCT
31734230,QmW6hZuCL86G3Fn6Y4DWT5BRLhiWm1hpffYczzHEzuvHJ4
1422275549,QmcHjVv2HASSFZKgtdggpwddyTCdvMYHhfswpaHScALz6p
691387,QmQfxURBkxaLYSQ9DDg95fK6so1MrmhqCd4V5dCLcTrRAL
1110964,QmTxJyFx8SbYnSBiZHWgza17KKC7sWdacEm81k6WXJBn5x
1089401,QmcV1MtS9Ycg2niMsHS6Cwd7p3tULhV21xVPB6q8hbwYEU
1096064,QmSXuetCaFKv8jjKexVv5jRZjpdefEmFWKwqs81XjmU6km
1104329,QmbMvkjkEUG9gE4qFLWhVwygxSmQ9H3RBKfBsqkmJh5yBa
928081167,QmbBBDCxs98uB262bzmWjmTzrqJAkbYqGoSPSoyeUkKTvR
1114011,QmcwcpE8CYgXm6qC4gs5CvyQAN3rhPABhSH5Jz6uM7y5A5
1111075,QmaG613iSJ45JWB5QwmUHLetsnow3EKABGHhJRkGoYkMJE
1117875,QmawjMY3fxPj7YgSa3cone2MArCHqhDfGNbxWqyjmQD26r
508389,QmPeGSrHm9XrYH8qHbwZTq72VyuEXNsBzG774KcmcR6fkx
1120942,QmWZeYYjdTLQJx42yRnwmKjZCZcjyLUXfHEhv7b5sYYwWZ
1120729,QmPnc2R8pkZCvaJUfUmQ3cZPcRLiK9bR4hrzV7nxk1nPEW
1121166,QmNyfEkQvxtHntnq67biizroNRX18h4JidZPVKNdqkWzbJ
1119542,QmWCnZQ2MbRY76n7X3y7VUC3XecZd347WypQy2fmc9qKHC
1109137,QmQCSqjZ475QdscVcxvyiB7s89Ck1rXQgCtoGmj7pgLV8r
812773248,QmYcSuriWAb7S7Mo2yGcpVjLZxYccpL6hSEDRf47chHSEB
575849798,QmVZQVKd7QZeTub8k7UEA8YEe9nkPLxJKi9HQG4VYsyhV5
564546508,Qmc4MXgjV5u4Y3TotU17rgjRdQbYaNyqSPcEvFQiRUjPFR
1900597240,QmcBK4ZFYGSmfCmzRivEJ9oigDRofMKvazPyjEuzEWzNG7
75053,QmPMsdfB7ERfJeaNmTYd8qdMdDDnYtjSuUU4KQwQMyTWe5
1900542262,QmRwXAAis19oHETVV47Z6NsHFcDvNQDzrdkE3fYZH5ySon
453128,QmRvmSZQahhV5TUaD6jeR41vf9gzeG2VfJ3Zn3zstEcNqR
1632971899,QmYqkSQUjtAd29wG57kFnCyrkkECcdk4vsaqtqSFA5XLdc
599442855,QmdMb3QYs4siJTTmUCpiMhYsNCFzYRrgUy54hw55LkrXeA
39111645,QmadiDRpDCLYPEgv2PyLw6S8yXuLanic2zk6sX5VEN7WgV
1592433778,QmXPsNBS5mtnquhJPHxodchXoWkp7wcxc6jSG9VjYfNxPm
1118576,QmfKsYQeau1oZx96CMwvvxvtmo4SWwtB1r6sL6edHJEKk4
1670549727,QmUPbFsMqHBeRwEoz6C9drx3kBwRkuqA8omNHG5Q2yXoPk
881449151,QmWFW95igjqos97NuoJiz4jgVgEqgrh7zqScTsqWbWJsnq
1195169968,QmWgksM14f8rDYPDeGiiDyocgAKfcz1yoXUz9VX2CzGwk2
1893296524,QmYUMxk5irCMciDx6yUKPhbd4mNFAB5N4YRMGnUUKF6kW8
756459187,QmRZdAKLjjgFZNCUvE8RdvZ5mVc8aHNczY3NLXhRkYvP6j
1653278611,QmVSXc5FNf6WLRM2NMWn7xAVNCdPaBtazBNZgwwYPhBK6G
1158988648,QmRiSFhwi8yvoCY5nwFEoeo1TZNVmbqis3nktReLMUr4Yv
1294213300,QmQYPgtTwDTU8xLZLP8jyAVKQyag3BfXoKCrqVNQpPXjT5
1043824003,QmYV555UTYgYXmDiRswSpQAHCqKCzSjnoGZ5JmDQPKonVZ
1181437480,QmdPi8ynpfnRx7sC1KXBeL1NKWvFSNmwifTxgtfiPqPvQc
313022405,QmPK1W4ypPeyZJXaxjJ5oeBxmkEa6KJwwMzivf2uFNqgy4
1192982563,QmWk47yfqrcoNRA24wiTEXTRu61YDhJU7vg8sigG2cZqsU
73981109,QmTP4NjbqYbDMDe3dRMMzzFWSnrGQcxJadmkF4SpRmfze1
417215505,QmPpQxjmm4arjZz75PLVEWQvER8yWGK8sGGSmyDAjwjLjW
194052160,QmVH6p2o4526Xj3E1JMtvVomD8hz8Lhsc6nc3xpcHhGSjX
1964617347,QmeFgM79s54kQN6xJpiyry1nQdJWySotukai2aWLDsWzco
668593665,QmQ1krW69nQX6dXcWRb3sy7yy7Be53YWoQJkp5r7xCcvT6
1218792345,QmY3p6fdoVbxG5zgQW1GhxQNQXSFbJweBNtV7hgUsMJH95
726121,QmU2vQ9JvEjzUHkh8WsU6sUyV5pL2vQWM4awj6icD2GsSH
479082359,QmaigZ8GFsQWEFBrBHGnYRYNY5JpiTHqw4v24dGr7Bhaj8
1111505947,Qmc1uzwfrJFNPsQApZaWVAaETKR2YGG2cCKYGxdMQhRYTY
2117634537,QmfSFausurmsR545MgUDBrwzfuEpi5KDfVRtJZoo76z97Y
360915522,QmT1rLgKrfJijevvo9cDWfVDELgRBtnBLzHbhm46h4wMdB
1618200086,Qme4c2nqSSgHuNLzyEpkPwugheh2kbfxU2TBpeeKYk35kw
1738545026,QmRuGPCeVtwgtZiicqwxoVTGUGM3pfW3j2eFGp5PJ5Tw4y
33449898,QmYSRpYNnns4tEwCqmXHFpqjzgTeKrkSciyxhXUFG4A6BD
169366,QmZFaVevCqSo5mi29PLztz1sQaNHZEeK6tu5FFXzoCRU1E
1893213115,Qmc43DSwgZS7sr2DuzFkLjdYWy8v7kprbotnsGobeRszB9
893358179,QmTKTZCTbJzTqAiQZF4ZeFi5EM2sv8gNWNDeRrNPAdsQXX
755250,QmWef8YNsarDkrvqxWFY7J7Jr65b2FL9p6UvQHiJk9c3US
356486590,QmYVaXRhwovggAYLMBbZ8NUn8sHCQyU4kEVLHN8GWPK5ij
1927394256,QmcwJ28LHqmZakKmwXN4zJnGxbwQgShih1tLh9WahHb2Uu
988057,QmVRckGBg53KY4dAzaKBemWAmhzeNqK5d3RChcciCQFX4Q
991396,QmXLnkskWb1MQZC7NpyzMV9iMkKo5RC8R5Y2ARzTqmVx6v
496234,QmYBiPrRn41jFDmQEcxuDh3CZqz1QNai3PRT4WwAdCrGP2
728180,QmPxxQuvQGX6K96Xo7qWpejqYxry4nobFaoiUcS2JHUudJ
493213,QmQSDtW9UJM8C3qRmAYy2TnRpF1LxjA9dCNwsUKSA24qre
493251,QmV5jp28tX9o4j1wGPJ9yhb5y7UqsXsGRVk3Dzg7VS1rA8
1402516817,QmaYDud9NKzZCEiqa5QQJHVPgNHsYswQDMULrstKc4yTSq
1359889653,QmYVku1qw3bQN88xzv9QCaw544vrWvcUS2jwWkUkJAXXSr
424054866,QmQh3hHNxkkTFMneRoeSXHwq7CZ7KYJppsxBdxKFJ5dgFT
41199704,QmYCZxDW2rGMChVEuRyfZ7yfoUqK4svRdNJ1mJjLYnjkBz
690136533,QmNjqBhSYWQ6n9YhtPBkfMat4Ts9wqPmDeCAyYJSdoePBj
864239020,QmYYDP5MdUb7rUET4uH3wu33wDEp3kaxKai2PTC4FkV738
1496373954,QmNqZYfnWE382ZzqE4xMaeDTppMQ3AwzUNsPghhfdpikTB
610520442,QmPC7MvZqM9PhuESv4a84pJ3pUxjdubxRVfy7NTniauf3v
1482005646,QmbznhSPA3V4erxT6Pz4hguYXT83oYLHrRqhxNAPT1i5gE
480850161,QmRnuxBMHxGSZDtDAmfoptam3FRZYRucN8c93QBRzXCp22
1094668245,QmZE6DKVZw4Y4vagqgPCLLFdvhUVLYQ5EwebMdv8wZK21i
31637044,QmPEVyQSZtX2PXfR8JcapaE9g7ocvzTb9tdj5CcNBcUYoN
1226068608,QmZYBtUGqc8LSeU2iAJWJeVHQmwYebmy92CrshkrUxGoGc
108347267,Qmaxxbgsor3yA1Q7954LpwqeJYWvTW2CyLVMJ2Kn6tdYgt
269703416,QmQwybpLMiiDej9qL7yBcdnuUC9sNBS16UCGNCRv3EYuiE
1830430729,QmdgL1j82rZ6y6D8Bk6bwebVGrYetcnQYiM5s43zYZFtLH
727576194,QmVFgbHhd3sGrgQjAbhmfZpe5PCxuqntvHgvLzy1AmbJso
2017191149,QmS85iFu1By4UJigsJWA9RoYTAqxGeP88jCzykKn7ZJRsR
1284148028,Qmdi9ievofGnRFMvw4ViDtS9tBk6CS83VNCuRC2ALd7X9J
1732642208,QmU8ojsjBxzDC4wfZVEfESSheV8GfBdWy1FGxtJaSwhbk3
405202348,QmYWCKhxbQBEQZ5vNbNa53u8t6jRWHuneX93vgBSDPyTqs
1509203879,QmTKNuG2AyGBbhNmrGpyJT4U7agJXpyuqcRfWrpnZWhajN
1302977845,QmaTKqxzVdDJmAeJKrBntzULGYr4oZHxJrsszFh8rEFSwc
256087938,QmW4CD7QLxRkBZYgjL1yoVBhUpT3CpBRNtRn685sTQFDwY
1569999658,QmdhtM3SguKjgJDSycn6BNdG9jk7hjAPtdbjBm6xPqGAHg
1915948780,QmbiV4w4XQQYGZ1Xv8hoLEeHa8YFE5nSvFHqMe9uwrHaV4
2138636592,QmYL8gjBi3yVUtprisoZqjHRjfkszpZRW3QRhHNRfoJrqR
1321980403,QmZpezcmPiLyfbp2HQmoPmoM46UaCKjMWu5gH3YoYok1wj
470268877,QmU2f8wW4FPX7UERoKCDpSHXSRfTeKD2VLguxfjvtms4RA
366654271,QmPAW75LvLXE6gYiGmbE8AvTucBFvzUkVDYrFrPze2pEgm
2015230959,Qmae2d9otxD6onNrdo1aYnSPgs5oPo3HeVujKwsgdVfdRf
1600914616,QmYJdSe8M9jRojjNkQdpFngh8we8nRV5FS5keMJTuaoiVe
733677891,QmV6kVTvChtdo48mqXwv5qdnpUBXnc5rfJ4ZC1mEdBkNat
1614380782,QmT1g7UBv6yn9MFjfBrmvAiKhP72jaStstj2GixXneycV6
1617127793,QmNdV43dQhuNzJq7q66kwczHXas2NeixMCGf25CprcL8XM
575147116,Qmax9zjim5f97WzPFgpFoFGPv3gqP6oQiLUFiXjifg8AAU
1721439176,QmXHBkBQd6R9BPZ3qLTt6XajXFuEvb8B7DwfJPo9ShAtKU
812198650,QmSvLziDU7xfpduyYFimNTN3r6rn21zG1msoEHLBgG5RCN
1186173194,Qma4WmiZWkrTEFx1ueAy7jBQQs4vaLaChSonFQWiaZVTav
1915758023,QmV4KGoScTtVirsue6vbAoajXtdyBxjRwuYcbNFg45vv8d
271959,QmQA9LNwfhhcAc1bsyik68WUMzcBW8TaBWJrNRDRdUu91r
1425843017,QmQDXr5CM2LT8Mk7WmxSv7M3p1VGt6cs95RocKQqFdsQVB
1985638081,QmbsLxHiJbM1jT5TER3jjuDBe6gY1v22mAe83nUjj9QDJC
289484,QmdvMshdyU9NPM5zfLanrSzMJTZmS4LGUvH9fbditbAwd7
148181353,QmWZxrdbBGNTUKtuBM7u229C7DywoKkvtxBE2gT2bPFqCE
427444582,QmZ8fDLQSd1bfQwyEKJus8SK5gHvPRF2EXDT8gJFkQVKY1
285606298,QmQhRCF1qpCKJFGfCeqBsw72v6QommhQHSKz1KXuesNnbo
2023615611,QmZDgrn4qJ28BGMGFwzMjeGPckDeHzvL4pER268Zort8Zo
188469835,QmZJ55YnWY3M3juY1gXeaPcJV7cmXE3bnbuNkZD5YRgX86
282270652,QmbDeZxR76MUpavdmxc2D1wcgpXZgeE83q3q2Q2cJXfcLs
1099027257,QmQqSi6YXzDtrv4V1n7qMLYHWMr1C2RoL3eScqkyzmdKsu
549617015,QmTPqp747ZF8KAbXW8sFqpGQAU9MYZyUiDK1D5EEKW7TQe
1344521989,QmYdgRr8B8vivX85G1Lxgbm6cuoviRwYzmzb2LPWD5dVUL
353952917,QmU9okCiQtxistEMaNK4JWJZwoPtKEUFHRqYiJKYDAZyJ9
1627392725,QmNYy6HwqqMNZFU85cTJe7mxNhQAYscLqhv7FWWvN2nipr
910059307,QmVbnmRH4DypBVcdnM1ThBwvM8twnM4Be5QArH97xWM6Ng
516467018,QmSy481YQinciDBJ1unNwjoJQt8rth9ayNnVGtfCXyMoAC
340941108,QmYT9Am5bPAau9iNmHJp5k8utBD6msXTCvM6BGTytQ1tqG
1427164795,QmSKqYKQdhkFoXW7kEWvLMjGJgs1PaJtScWT8JT7zmHMPg
1174547068,QmWqUGUDsQ4GEPAaEtcDeavAgT9PA9hxhFVcE8Qqw8L1oo
754540538,QmPEYcxG5Ktoye4NoL28FcSv34dYYYQNMeyoVtv2qAwmFV
993348,QmXRY8FtgFG6gimk1N6t9smVogJt4Da1LN6u2yBPH4MXcr
1970481943,QmcJ4pDv8tFDy9dDRQdcoZppsorhn12TT1Sj5qHX7UhFwm
1929072956,QmW2aeFBvHLn5KY99JLave1yzsC1gtH9h3Wa9wQ7kCTJiy
1739678529,QmQmDjYKBUfo4TbQkNdVxgEAAZRDFBQzRfNV8tqBXCSKVm
1053551517,QmQDaes6eTc3b23f88mKsXNVPZFbtsHqXyMU9eyUiFPmsW
1214104384,QmWWwcXcWw24CxwHfQ4NA3iPY5KYn7gQC7Vguy95cKgrd4
217820265,QmYZzEw1UpEVED9A6L8cQ3fmfonXGs1DncHgpwfXLAhhnS
2000541889,QmdEycv4t53u3doMhUCSd1UJA8rpuJ7hKUBLbexMg7PFHJ
1181907292,QmQXvVU7wzP5XD8NzoK2sRk1C6cGoh8531wjcDV9b62r5p
806923339,QmVtGuKdYRMnVXsr5JeAWXbLHeWxo13KPPkWTKwmNvZ6WJ
1689526515,QmY4EUMSdigdnvEuxXLfjrFcVJmbFu9cmvrNM8caheUuCu
838178814,Qmb5gt1Y4TSVWVPHSCiH6LCTfbStop9f6uL5Mjy48EKDXi
758919,Qmd3vARiTPJ4csYYYZFxPZLHGk9BpFiYADaGVycp1eccDw
736936407,QmRc1FgcggeMTap5HoRweSjUyhVo5UdZhdEuU4Uicb1R5e
1702258556,QmafDjfWBnvhBWgad98YYDS1M4ANKEamzbneyXeWUb2mY8
999588,Qmai6bqGDYA9EeJRRJz3NFa8s21wN4zmLi6ATHobBZiYgR
1671818121,QmcbG26S92C521MTJYSZEwNae62J9HkNcVjEwNMJQ4Ze2o
1611371716,QmcAfnmq68MGmo85Zq38TtM2sYX5rAvuXrXtr7DcFCM4uL
1021904878,QmbK39qxXpmS12X5ayke5eh9kRwJRVrsUaVSP2UHs2wtiZ
1888354942,QmYPHk9v6mHqcv2k97LaaSZQ6uUHVBdM3YeQ9KxkABPYxY
1072092,QmRbXgkCMhuVfep7UPnhigstBFKuJQu8S3XTMoktkL9i6S
1263303088,QmX4zZgB12g626sSYPhLFY6g3dqVTLT4b5CYQWVmrotT4r
1984290254,QmXRXcGNxyzZr1pDFAyZpyJ65qyJDGoqghHcM26dskLZDS
1118588,QmZnxp2dd7VrvfcReAMC6J3Y1nWTbRn54mHgFNg5fnWSgT
1596155836,Qmf9GDoMnFzVbwn6oX74uZgSePXGEeLbWrVnfbeZhxAZ2T
1118590,QmPjuyBbPJBjs39os9GFAbAThb2gchpJLWgQsPUZekd8R7
1283643242,QmSCcWrHDDgehSu7uLGA3A7cgjLTCWboKdFjgV7kds5XdM
990185895,Qma2aTuN9495oymzYjd6V3VmfhREBGf3vwoyXx2dGNYUMq
1686889777,QmdxHEo4w1TN1QfgGSfuK4xCHGeDjD8waLUMrUjUGEo74W
1017486492,QmP43aqDwdsosveMjjZCcUSjndiWBZmMNa4xHUJhgN2JxF
2018285231,QmeAgyAuoReL4CywYFkgHq5WPcnc1bBYN3zVAaoPCuZg2P
1012089063,QmZbgSYm8kYE5AJTEfychCm6YxLw7u56XHZwHFjGnxanzV
1092088775,QmV7LLCgrqHyQFG7dCpibNDdmKmUUGSoJCRxox6HdCpDEq
1641471512,QmcHe3RUB9nLbpDujWQPFh3HXKnSdRZkAv4Zrfg2QBeBif
2025365753,QmeEYyvf6aEr3wxRkkWkrVmrgWE4saUjHTzK5PMcPuEwB5
1103394797,QmcpyayKSNY4pkFxwe6WSFcTAs8Ty3o4TUgyVzjDMMGqJa
1797228165,Qmcy9D2MxDRnWP6KjXDUQsTfypYgM2w9BZGBYtUVWgeUmL
362090122,QmQEi6hjcu6yNeEvTRPynUtWuZcpgkqE4K4NRwWqfZwd9n
701735641,QmRj5SNPHspYnRXy4hqwbde6bXkV5Kh1M5mAR6oXr4sMzS
2075002034,QmasWtX1dRvXwRE3Z8UL4etoXJxVVXv2xa4TGMQWRZny3V
976625478,QmSua8cp9qoZ58CJynu8XBcGdasw2Y3nao6ML7hQdg2y3q
245343303,QmZjLsHiRFtLRrpNUibLZWBA4KvsiTcsQ3sv6vdQERT74y
118404971,QmYygbvfw48KuijBkq4DpzbBknS45rY4Jf1vZQDF25jNXr
913690022,QmQeg2jd7ALWAnC4sy5FiH7q8cxRcRCcBBZdCjik3h3tH2
897333679,QmbL3CFcxtbzDQMRLmqN8BaGfjMSGd2ymbnK7RSt4shABK
1118595,QmcMf8umro8z6K5cCWMp9AdMf26Z8y8TiKEzseovgvbqrx
268464646,QmSwdBPwo9btwPLFaysJ9YrgtoCLJLAzRxTS4cGLXqpjjN
864052294,QmR7cQbdp7kScAvqk3Sbzjncs84e3S17bTytmi7vyzEV4a
1022936056,QmaBr3nSatm11RLv4xNNM2oh4TTagzR6CcWK8kCVnrANEh
1104330,Qmcnz16AJfrZXE4BUhbErfvnrj9UKVqW7FcEuXy1WWL7c3
1050880,QmXQ69BeLsghBKYb3srZibiGjksatyo2SZFgdegy75q1AT
1119275,QmUs1WmxGew4BegkRHbaLXeDAydw3my48AKQTFJd3S4KRa
961282,QmXU5vGSJWGzsXGbEG8z4xKjDtRnECop5uAuyqNn2CjFXk
1104935,QmUkXx4jQWQeyUeYxGa2wPFtYQxuRXyJ8f8P8WdzLVFWvs
1109734,QmefFuz77Esm74TXNWQDy53GqKUG11fmxq7mE4Wp1Kvotm
1056271,QmbL9jVygzjdvXsBZLT7aqLb3gp7aom3hyHQ44dZtvHjpF
455483,QmdFjkTzYeUr69aPFDhDzjMgiAtKTZYVShNY3YHVnXcHu4
1018752,QmNUrZWqLMYxxWtsCsEFPfNTmjAoi62s2nBP4gEfzWr4r1
1720551324,QmaMUZSEEB5xVbuSi8pwXCsuEkwq2LveDbUbMjpSVPBx6y
1096063,QmQ8vRyLwuoiPtMQivUERspkFdeVzAjuNUrhiHYic59i3z
2116702590,QmeJk4b2zaEgXdE5TpdHVjN85WT5ScoaLdhSoPBrMMQ7N3
1090217,QmSUqMeCQ58JkWKGuwiXDLhDmf2EgagiczRXo1hE9Ri8cz
652208,Qme6SJY5VTG33tMMThtZMtWox66tC5Th5JvDuhCoCNMcp6
1085540649,QmYKYoYnBFug2tRK5i1nJ6SUHnXwKnrwFnJuogBFSUFc1v
1030326,QmVKAP3qkbBPGjDLamXdjRbkR2uBW481FAno1LbpPeWZxe
994142,QmevUbQwTCumh5pYQatfzqYaZc8zigsQXZ3kTmGHB4CbCm
450329097,QmTFRifmT3SF58AgnQuyfchLw63ejKDnUqTy36MfNhNK5B
445383888,QmVenUgbhACQygoAFJ8VBzTGpVAjfmKqkRNRSDQeNzAwut
1738181730,QmVNhvfi77BCKCwukKhZ4tmqQ4RdtWqLwGP1HngKAhM5Rp
558576901,Qmeoanc5HZUNg4ymE5MTsBz2NiydMfWFVJz2auPUHu1gY9
980837153,QmT33UYhBCdbfGfattsGpw5spo3mzMsJePz5gMtnHBqT3K
621568053,QmYAJZDpbeE2SEGufPczZZHea5Q9sisxYA9vVtYAdNDHGR
129642579,QmXHk81fTVwNSJdmLM9RxFnasNV6UUenfMwqdY5LsqPMeK
653575323,Qmaw2Fifpqar2qGduHQYwxZYeLionG9j1CEs2tkNKVR66H
133004000,QmX1aCgH8r8zqrCGCFNj7Zrq7fQK969nfVFgFCRE9xwejm
71282920,QmcQsbWc5gFUz8XTRSfVs5ufaWQ583tUKXxf8yE3RgmSW9
446742951,QmXahYY7yVy7FPdUrJZDvR22HZ1HBNP99VDgMLmoLeNsju
1752412356,QmVDsMPvTzeR1kZ2tQCXcJJxnDqFH5eRwgzfF1vLv6PCRu
1257818955,Qma36HiyNYTAyiUJRfEDeLhCyKrbijJdUZnhS3NNAX2Rid
1696143499,QmcytHQrDx1ZqhM4DjKwH1P9pWpVYH5XVQxqeBgrMsLAkp
144193718,QmS2BUZdb5unpHLudbSWrKQhfeJrURYQEvkZrQom9naL7D
1569941359,QmUnySPgeBgBNNBhjYEQygs2vYkGuC1uNTybcE7BNuKjQR
892397112,QmUnySPgeBgBNNBhjYEQygs2vYkGuC1uNTybcE7BNuKjQR
1826786985,QmU1MapZ26qmYsPoBrbbkdWUF5fozSkC7aqq2USQEgfPX6
611229,QmNQQnnRfN83xEJUhoGQLuZhFQSUrWzSeQ6rejskbVRXKK
1062835132,QmUnySPgeBgBNNBhjYEQygs2vYkGuC1uNTybcE7BNuKjQR
1669611715,QmUnySPgeBgBNNBhjYEQygs2vYkGuC1uNTybcE7BNuKjQR
425148186,QmXCivhxpgijQVDuiJ4qs8wxgTXpv9ubX2a4fPVtQG8fqr
719737961,QmcmAdPJEgWMnLtYVWGjVCZfazdhZipdenrbb1h2FcKPoF
990847,QmSpKtdd7HwifTzBdQMtxJkhuj8TYaHYD2fLZXzKA2Yo2k
618991,QmS77LR6b1geEXbqTCu3zJffrkUcp9Zpiff6mv7ZkxPd9H
994273,QmbzAmX8kWN1WWcBSzg3bY8iQgi6oMbSYsbKRdkt8znPUq
1359928699,QmWVfXT2fqQ41WVggfzWEUjhZ124HnCTurhCn4rkcPzQ5G
984781412,QmPq1EyBBWrKG5UbwQYYS4NETcSKoAUJwJN2pPmjG3wg3J
15242,QmQwqUSXDZNraP9ZLSfiLCQ7Q95K2ttqrFFYXXMESxBa4L
994272,QmUWro4PXnM6csNHMK5xFNzddL1yYjrA2JVAAXCUSu29Fk
1069556,QmdhiHbTZmwJztxekjrnNBarLqe82WAkx1YYtF4XcRJBy9
480479226,QmQyaSWGwk9VciyFZbCMxGkQi426qLENNHdNhubWWKBgPT
1213136211,QmUVsXEfkqKJta43Npzdn6XUP3988mD92meWTwP8Lgf6Si
2056019899,QmPgdRPjn7kaWh4B2RJJwMgZ9y3aMyDBbhVDkboqBRmxFe
931273951,QmdFJeSeqynB8JAidnZ8zkoQN9m4P43nK87A1itS1h75YG
642361,QmPYgM9By8ynkeXNNkFpATbgKMTT6L8SvTeeHEamFH2zXm
639319,QmcKZ7YsFHXZWStzpQEWSdtqudNtkD19zpND5Mub2r6sES
1339230235,QmaNtxbUQ3QrLDSikQ63Vfyu4rdfvq1WCqrc9v88fiom96
559960,QmR55Tiv5g3KtoxXJiLRaAyMjLniSgMRKdgfcfRYgwM9iR
640602,QmSbbM6HK2prHB1fx4Ac13GsS6osQnFAZWx27W88EyBH3Y
86853783,Qmao9fkk6Qq3PJu6qdpQmdZsdetCqK2YeRwEmy3YM5t7Ho
744870769,QmRjaFGuzMRTekyMFFbdLNGVY8v1sJu6UJ5naDw31j7Vqn
81994156,QmU24wjJvNdgn51mp5Bq9QrvDvAUXRiqPfcF4d6Duq1QgS
314325952,QmczLDU2KtrY8oAz43CWDWawzTxAYCrxakdPUH3hdZ5ZTz
3675871,QmfXfP2DxVQrEkVas78McLENpiMbPqudGvjWpV7Qwvz14f
1456990182,QmVEJJsbBSUfovFETd5T8pTM4LHcuK3SJTjQDuG2Y1HH9K
1225258929,QmaWQu6V4mKcSi5SkwQC9gVJdY78Lngi4o1AdCz1qZFiGL
1422256207,QmTaZ3H7dPc5g7TjAxvN69CZRLVajGHsn9wCtToFBKeoJE
27619898,QmYacyjB7Do6M2V7P2qrqBm5fUzS8he4YUTAdEGTEpCABW
535888102,QmdW2vUvmDPbAGtSnkbiNdHAtCTH3Pt6sBFCFtyEwmstuB
644482,QmSF8Gvc3qMmRxMM9mssQqiiHibqwWectbWZ6i788sm1Ga
659426,QmPVrrjiHkdENbCaJACeinSURcAB6ZugLcjFCqEy5r8ena
667757,QmWjUyweSzUJ2xEYDhu8rUoDVis4MCcBenTNumuHeCPK6d
681532,QmPXQj3VDC8knAHA7kj4YMASLZVdpnGnBLoWPY6dcYZz2L
651321,QmQY68CPGaFC3V6cAqqohbnzyDTnrmW2o3TtUYhCgnS5gK
652668,QmYWwMZVmNUUS4NKQEEupR4LP5KJHbjrHaXpGYcg4TWurq
657212,QmZGfSamkrpfZdzaZUhdVNeWYFoqaZBrePzu5hYB4wYsGe
673212,Qmbj1UZJdLUhcv3GiW6VpKio3ko41CfYZKnQLcvjoekmSN
673725,QmZ52vqrU4pRJRUx2aNN2RBx5eUqPZem5zpfds3eDs9FUE
1403741031,QmVTTkGr4jCBDWhDKsKeN4tuxBGSU3gJKsB6oS4FFL5an5
1073596,QmSrmrzvzqXedRwA1GeLUYv82JodyEUDDJ16JtQPahKjq7
495504841,QmTG8aaqRmrYEuD1YvEEx12mj37UsVSa6KaFerFWPMSqfd
1625828638,QmQubtrudfygfpXyJRzMba6TXgQLKMKTXJiK2tYhJ7iG2K
1262521455,QmNj6hnbNQef8NZFHRyKKvrkr8rfWaJAsxgtkzNJsLSDzg
366615708,QmYPqGn2pkRZbTczEVaHTiwg5MmgKpKRnEkvDnyYBdy96c
388598260,QmbkyicFjgMNcvtcog22H5ES7bjwLhFZXMCbU72Kq4J323
601324216,QmdiHYQDYpu75nMfD8TY3onCPqMfUp5VdoHtyWRwcjtMfZ
910759626,Qma4QtCDqBdHfTjYMukQd4XutFvLRYwFyc4kPk2ixXdYNg
125566535,QmTJvqKrn4bquaLzSFz4fc3fQFBGG6ed3HpkwaGhkR1QDu
1629577707,QmenKU2JVJjoRi6pFXpsZUgL36NW9rHh1CXbgzTQC3jv3r
1958040555,Qmab1jiXb41eqHAEbUdXs85hM6mkix7dC8DkGqMLuyPUgA
1126627100,QmfL1rjHnjbfZvn86xW15YxZRK6zrFzyopw12aBzJgSnYy
1559984440,QmZgvR2pnHHr29t8ShzkGjsnc6o7gnTqYDMAqhQE8gxhiA
98754288,QmdSkgqTGbRLFCYp2e33ouyiRoYbJS31i1Q3YhJY8C7QBv
1638239168,QmQiUKUe7ygMWNXxGj34vEdHzMeQEEp8iVJGmmq7vRfAL3
1021936,QmXPPpcEA3H8dnfTET2CLXdzGKgTquxC64g2bNVWvdhUNW
555082,QmaGDdNZL7npNaVEW3uJDtuzQZNYZnH83dfWraTSbYQj98
665679,QmWqdDNYEV9frPgKchjPJ2zbFUoJg5YQpn1sGCeQdkrpEs
912354,QmTcWFKiXa9uRnwGd21CaWBv2Y6ne1Ebn7g8cPqzrmjEhU
2028229105,QmYcEn9UoqkRE5A9MKqgNcfGB1LhshfjhyBh1eSu2vcrLd
509492374,Qme6jHnqn9hpkcLmMdJvufSK45C6GwBXxHWqKJaoGRNtBV
473206,Qmd6ASXusV2p8Ai1pt1sXLcF4k2KMvubcPGcrQS5nSBD82
2097677121,QmY8Z5rTfpoL2Qy4KDfhF7c2qCGUtS92GbH3vGDc8wq5Rj
966041,QmeMvqA95WqYCkAZZeY3KivcM5wqca9mMj5H9QJvGdtmLh
871964268,QmTvFgDtu8ZJ7ZCpN2X9rGAt7xDHYhJW4XScFTawmm3qiA
588498027,QmX9tRqgC7NACWZ2ftvYSoSveZiBc3fyEziXsg2e9KZMmK
1567165358,Qmf47HUoDhbkdFsyYCo514KXsWY2mPFvjmcrrRkkVk5diT
2108299262,QmXgvBC9dWuFt7BgMY6qrPJs41FG4Yruu2nq2aWau9sUsV
935088447,QmdoVC8LU5HLyKLbYrmUxecMxm5Rmqd223UkHinikhkvrm
663865,QmQ2PZExs4KuDcmVVUb9sgce9PB234rHdK5WwiGxu6zMPn
11362902,QmNiqCm2F4qLenPYTMByHtDiLJ4q6BYFg2YQ26qqNLQCoW
1615540811,QmUUWPTzjpt5EbpGsTTHMTMLZEbkuzYA3zmvbDY9rBUzNL
990129,QmfUWVo1LF7P9by7egnp9yWB8dZJgxPNieQyeBebYt9xMN
1004261,QmUf2T2KUQHGVtzx8hc4P6qeY1mvkb7qwJkHpZ87AHu3NB
994661,QmUnzvJ6tEJgmQm2LAMBRy7nBMpQ4N8qAFmYWuoo8HtJeY
495795791,Qmf4CKbryACgcVQ6B53ztkpkoMw4e6pweVAMQUZbXmawb1
1048112,QmfJGQEQJTGZ3Z1hWfWfPqsqRDj8aRvuhofCTw9GzrUFW5
1048116,QmNe7Ukw4CokLrKFxtbiofMgxRBfEhTjB6LJnL2tgyTNhg
1048114,QmbC7RKU6QEEgqKkrJHmTeeSiQwRJmMiC4bXFqriJrJBu8
1048115,QmPQ7PVKmAPpZ7RExQeR463wShqWikVM1C4JXp1ELwp4Sx
346991,QmZKjkpbGCHe7KJvY18j3wvWVx3tMz1UaB6fuovbuUnA5C
51529,QmY5DkJCCZRj16cyYDEJVGk9jQPEm83LFi6HarpE8ScrK6
1048113,QmQRP1HQsUGqrG8TdnqQ2NZ8PaTQiemB3v5vmEF3LYtj4U
43826,Qma89UFgNn9cBhER6ihxy9iSqyJy3m8jjMWSaVw39qt5nL
346994,QmVg3FXMdAoXtuJ9daPqeqcAceSKSYs3M7seagrjBBHqde
346995,QmdQ8PXmpi7q3U3HrsEByikLxC99fftWTupqZrqKVt1SVj
346993,QmUM8MiFiF9ViaGjp5AGfgvWuFkcdqkWBFaQ9ftJqJpmqw
476852,QmQyRW3jSshrifQqoDNn9iz68i3LAorR23FgT4dLZzoAAd
346992,QmassmGgCr9poXLLrj9xaaY5EMfvub9jJzRFHmfTJb51o3
43827,QmayzyyEHNhb48qNar1bCr1qdyCaaQMAGc9gsR6TNFaRje
62733,QmSZGErvz9ub3MF1QUCcn2iNFJUh8NUgqU74pxWa8gzQ5A
43830,QmW4DYXCVD5Fdr6CUVKcrDFTY8emy9ShW7JoRN7tjap5U3
51527,QmbgwAF3jLFXAczRceqG1jbjaPiCTuwXka5kw5WC3HJBJV
51523,QmNmDGz6ZedR3iSzHUaGv1vMcfYHyAb4feyCYusjo5gYth
51525,QmYqD41poqBkxEwhhDccVbNqZTwrGKiAgdsvMte6AV2Ztj
43828,QmW12kbBzdnrFjq1bbxk69Zq2FWcgx5cZjAaBRGRZXz6CR
43829,QmdZi2mbTJcJgaVWawVZWAWFBNtZ5TNSaa9P6f4r6SLfaM
51528,QmRReKdZYfo3y7WxKBjWZiurnF8BM6cuhv6DbLyCYEWfEU
51526,QmaHFAS11Z2GPhhA6PYTY3jho7opWLbRpLSgjRj43q7fUg
51524,QmaWVLC7A5SPv5U5Vqm1Yb5v62nAAQUABe9a85HrYHYagH
43833,QmWurzyiGW61s3UUavdpkwRPuECTGv6rkVBiJTPbE77KBZ
43832,QmZUfvHJvAzYvSVwatSJih63hVvEQZzvgq2JT31ZHB1hzp
336588,QmQSdLUxrBEGbEUPbrDN2ukocrehfb1p459vXzrneiEG5H
43834,QmYo8YawreNj1CWi5c2LvdDbF2m2GZCeKZ2nTLrz5WR31T
43831,QmW2fJt3hZQwNGrzRm9HAcpsEooKiCzYaFnptuBgG2nNkE
1029717049,QmWWc2tn6z5xidMAFo9pZ6p4SkBFRfrTXJd8tWJySRX9yh
341359,QmPPzMpQc6FBmjKWvi2e2aqCRkzaCK6eExJsHxqY8NiVsb
1281299710,QmQAWo11VLYRitU56gHWhqNEVJesU9tRauJCequiBPsCH7
1154754647,QmPGUkU27z3f37dMJnc5FeZKrncScRM6xi5BXN3piWnjuu
1684418263,QmbRMDmcv4yySH72wogbUexqvNGFwqT22BYfra9xe4fzdL
278844514,QmfRqqPNPj3XTBobDf1LQxvQcMa4cpjeCHFaN52KnRMvvD
1603419849,Qmbz31HeftQjcPsAfc69oCudX4ZPReQGvfrU6pzJ7KZpmZ
1874831804,QmbRgicBr9btUamr57mkLdWfp5D9p7vMo5DUAhZ7oZ95Bd
74068,QmUNvpPRDtHAzLpY8PitweFhxNkaPwBi3r2pK1jMTBTke6
308703981,QmYx1BVk8yHSEDPAgTgtvrANk8UUcSXPy7HRRo7XkgYe1n
1917724682,QmXszKUrVyqM4crJTAqxh7BB1Vvd8csACuZXNVF1bZndQf
1111712,QmRNFYRRra8GGUqhoYJC28UHLGpPueGs94vTQ2t9cZGK4B
1065247,QmfFzCsrsaqx2x4fBT5RkgMxJgTS9Qmyb8QrqrzHEyg33x
871878258,QmSzRkXyw4dX6jUHdV6MRKVVSEwDbKugHkY2XVnSakaLKX
241603079,QmYJDVVFEYLWmrgtZcFzq6KwUQZQu57fKffEWg1Fctxpax
1673110249,QmdFeUj2MJg4MESUFAcZdVJXVLdVqmUPVAm7BpxXfrrte4
289763376,QmcgqMUuWXzu847oC2rWLFVLwfCELefBfteCA2cB3w241U
1101312482,QmUSFAoL4nYc7DZMdsamkwZhQgynejcLkGmRyWTZyp951d
995833,QmWStPXRHucUnWRPXuNbZu8oZfHpwTGQr5x8a5CWa4xoR9
1135466871,QmRKH9my4fUrMT6Reh66YPC72avYYHJejccP6v5phmrT38
1434972199,Qmde8H69VgpRSv5SeEUUHSMpTfViGfKfowSiaYXtBEnb3T
1283906902,QmfXBfgLKBShdFDYLryksevfzxV14qEyv9w51DCSbujRnA
1426258266,QmYsm8fAXy6XmjwoURZTQ3Fazh8h3FoeDJ1LdyNDR6U4SK
997847019,QmayYjCMpbwtvkpJrUmkmc72HHgrjcRVKa9EAPALmMmCs1
826891877,QmNvfZ4dpQ8rc4s9TBe3Vu4PtrT8Bs7zC3B9jW7vbMMbKT
1164154899,QmaU53VG83PRpdvDYSHcH8QxPtm7hSBJePZqvw9j6vtcua
1856749503,QmRex8ZQWcMXStHzCprwJiCHzgkT2dVKG4AyAjzoN1Vt2U
26646903,QmU2UH5F7HfXDUVL93m9f8CCBB2xAQ89j1FDbsGSHEP2eW
1147436973,QmQCfpL5foJMeJH7R4UmtC2pAjzCj61Me6ucvPQLBuGALx
1464443109,QmX1H8M11yXy9gvXfXwyutYcseVVp8ZrtmEV6hmNbPzozA
506413243,QmYnHqR4xQ5F628yKNayuiRMEyq4c3JMQye8f925pQMv6E
2038786347,QmSB3ppXNvZiAtsE3C3rXEK1U8ZNwVQ6nKRPGCyL7so2RS
1132181236,QmYgtMSGyyrKjkur1UaXbpZ93FnFfL21G7fUKr3kchZJZK
1334686054,QmUmtKCPi2jA1B689cG6pJqE8oyGJdYCTZ8nGF3n6Dt2u5
790560388,QmcA1YZKr9m1BNgtfSCm8RpK51puLRo2s65EDfFuXA7E2j
462828745,QmTVVJMPR9CRmX16jHqaZafZeuvArQ4QuEyhpYSe6hkc9V
1143623662,QmRrYbHFXK8eCRfgUqeuSD7JHZr6vr8EPcTu6Q2U9GUyYR
1517559555,QmQxjbDUBZ4SXBWrvZa6PpNd2sW7owEuRjZKnDYuPWNmVW
964850622,QmNv2DrnrG4i9tNuYVceVdbeAxp4ZXFYoHP8CFURpR5qZu
662702455,QmSYYcz2GFrZR5Rw9wxy2VHbBxKgVPczoyhd9GfA7kfmPA
567132369,QmNrGjW33rsZ3Vrj3e1CGVV3jfjfvxJuxwDbD2nRV8XXMS
1899332443,QmVXBptQHUQHVWiaUtgX3vaLxohB5ZQwVEGyUmDg8owcuo
2145806387,QmaD2VeqEasVDWbS7i6utTrTYVVq6FK8YUpRzokW9cChqL
885949165,QmWQh5hfW8949qwQzdU2hvySEKn55G4JmnSrXwirmDF1AB
1228447432,QmSVxUrn3h6vrBCkFpa4ohjyAXFJTbae8jtiZM6e4ZehWx
63200424,QmRV8yTCFYS73RtugFzJu6LcSaApDeZeTmLfRSFpVfM3UN
833416326,QmQNMqDekuXREzk7LEjE7cbohCKsgp5sSFrAr8favNwKZH
248706918,QmW88MQCwXknvXEurViLybzrUQrZydNnZGx4qt82tteFRf
470185,QmaWT2i16HjghwfpSwAtDMW3oFrdsnYUoUKa5eE9sAtJe8
292712,QmZbvmi8nRsT6RRDj1bXzJ4dmsG3RNXieLoEVgTqR4GtEF
663767159,QmVaHMkDmt66iDVmdx2cYLcmn9dQZFpXtgMb7nVXKAtb57
1276724115,QmZ2pYWgHYQ6TmCCDzaXNatutaYQzEcdh51GGRv5CwvR4u
1859880160,QmaeWkEwcjrLMNqGxFHiMzGsUxgMV8b6ZoqTpt7iYkYxhq
2041403351,QmRF82p1UBuq8Aoi8yUwnxDBXjkCtkq9X48r8LTBxf1PDq
558496,QmYwyNB8HTR4jpZpEPxDwWxZJudLZhJiRdz5XQCL7W7gSJ
750089603,QmVi46DAUB2dkpXSbjm7u6cLQkWWxrZDwjryaNuxw8P1Nc
1123971,Qmcde7Ahk1bzTGqv3kTU2CZdNgbjPrY7XYan8ATdj1bRKa
1322409459,QmVnSK73xgw5QnwqPquVDpHLExzE2hE9ceP8RoQRngzLe9
300642,QmeFvMujV5y3J5XtN9sMT1hM2Tdd2NuQ5mYY1xmW8VRneB
1042451286,QmQQhikTg97r3EP2YKCLcQNrJgZfkyE9QhoCuvkbyXc6rS
300680,QmbykiKqruygitqPj8a4soPq8gdHooQn8xHyta5TX73osz
321068,QmbkzAWPDKn5jinHKo4DPKPgsSfUhZcjE2LkVivi153yGo
321047,QmYU3ZJicWSnqRFWrHWP8ZFbLFs1oqX4GUdKgj4K9hHNik
1034223708,QmQNVbNqyBUyte1DMZ8PdN6Zd4wPNHiqgEykJaMUMEwsU3
672805,QmVoNkhyngBZkWTRU3pZL314xfBkBRCMNbwBXWJ4xxVuGz
672807,QmWrhWnjt6dNYf7yjzN3Jkz1WQ6VJsjQtUSSFjLH4wX1rG
908752005,QmTNDiust1enNHwi9QCCmtDyPzxgUTWQGE2ArGHe4qSSfY
672806,Qme4JqmdSvNjPQCCZ9nssefrWfyuEGrDbmnETLo2AJVvTk
273127592,QmV6xVNt4dkD8MVmbqUs2rj8ZqLmUFH7KHCLBA5PDAhLDx
1192600768,QmNwCgGunXvneXErejLRavCZEkmb72VpaHZ9DtK5egjRdv
1797797669,QmepxffbLFu7TjG9FFizdKspVtpV28ybKptTYUkwaqGRMf
1131964,QmSHREHEnFEJGEYkm945XFVx8M1P51nsCnJ13MKEmS5gz5
1748699042,QmZghGMqVxrgiaugBncquJv7pbUhWB8XjBbR76D5BQqZoA
972076,QmWGocTRgDqBQFAWEXhzXWCeFrqUgtw6rQHMoLX4nF4Ja1
658749629,QmTeKLGtxZHxsnRNM2xsRoAT552XHsGC6yBrL3qYhmZvnu
1916062644,QmdeYU14R5Zegpdz8nRTFvy5Ft1YkPAS1hXVjsSXdwN8aN
1067801074,Qma1ZETEEt2ZUEo73dj8ikXZD4fNPoP1tszGsTqcsXemHd
370000,Qmf5fe3P8QMn4cv3oLJEWgfiarZmGxDRfkJARvbHR6mZzY
533393465,QmchSQqo9humwA9UDgjfizhZyWHqBUrAW3LzmgnYa6nT7f
1647081174,QmdFqyKqFNeYKyn34HTtxdFPo6Cm871bYyn8Z5j5iVMBbW
276218619,QmaBaHNMtsagPGjQJkvu2xkBKpQmZd9rfhpgXWxyhJSFFd
97860,QmWZ3Ng5Bv8M1PxNsDLcEYajmYM5tQPXsUPkh29k6ULiTR
1475060963,Qmes9Mjp7vsBLU9HDfaV19z4tBxkUs9w4Z1L3m5LgnA2AX
2143009210,Qmb5SUAB64coJEG5vZenzNcEdymwLVcEAHYqzSXMd3BNQ1
300730,QmUz8ff8uEga9QXwHAZBipt2PJuRvPhdWbVNDokjARa2q3
191883345,QmQ574s6uUJXLTrZSLY4SBFcyUQWg4SnngmNTPcntZoi4p
2102729851,Qmax6519jYVYPLnC3JZ1XxBwRLGFijnA24uo9Z3Cv4U8XX
1432147250,QmVMS5dopqtSHNz2kzXBto1uHKkdJGzyQWjwCRiBPHpLYa
1980983953,QmfUq8LTUGpphPykKhhQ3MGbWqVTcSPXAnEKTZCbbBt2Lb
1149745993,QmNwiLQterU1qQnC2VSh3FAJMaHJY2nQmJepAL1xmLUUBt
529247778,QmUqK1G78CunXUj1qztNJBY5NEpPSNsa83EBQYh297gBYX
1111656510,QmRJMTkCZFs48rdtJZMdXA6WVx6Bt1GssTT93rtMfUUWEh
1163190810,QmQbi7FBKopvGMSVFUxo1TmtoKjqkLid9ThgAeABJKSyBu
1247952274,QmTuFB1SuoTCMgirRH7WHmsEJcxZ6XHx2yK1ysAKodhN3Q
2142453049,QmTjDkY7CfN2Tw3dMyTsY4sznnSbrHwikzL53iW5bcdMh7
1315058226,QmXjpTaZ1sWQJ4npP5DUnSab9pLWinnegGgM7vHZ1rFFf2
1053061,QmcDXMj4DUMc9YmWyJG9ycZzS8YGjkziwUFvwQYbtSmYwL
939659779,QmPGW766sHy7yLqLtnKei88tmRVzMfmgDbHL5kmKymfgVB
1373014801,QmfLfmoJj1Xpqojeh8NgPJHWGBPthf8zWtAEVVr9w4jgSh
567382584,QmSR83GSBy8qBJ3dyJEC2X1936MCSwhDFq53xj4AVSuxZP
259124820,QmaCRCcB5AwWwKRBdHZs9adagnVjo7wf9sauSS1CBJYM3d
1637007871,QmVgyMsiMu2Rd2JnDnhApBbi1BL1jAz1XZPCxmYPQzyVc6
214382,QmP4eXh8N2iY4uUf3fnU3vXDWdwMXwMFXvWQUtds8cnqSh
1936456541,QmY1irRHeVnA4EduyCfDKt4V8kjyswV9ThFBiNmqSsGdmN
297540485,QmUMxgcKCNF4KALL3UsneNjooy3MKuTQVuCNtfXcgMcWaA
303895529,QmXo3a9PbDetpQoqW88KhFqDM2TvWgZp9UxXq8sGW9hm3K
1667831116,QmeMKC1ryHh6QhaqV38wcAMLeqHX7caY8sdqjoco8A48Ub
104262178,QmavyAyjTbSGkn5YUDnAWGGPmP5nKDnHsjXYvh2p2HTcCu
86063399,QmXtnRfhixzaGePo2TWo88B67DDyZqwp46q9RLEzpkxsS7
1462460431,QmeiQyVREiMpx34KjW4E7PLrcPycjeeGdQzuFY6epsRSBD
895298175,QmPCnb9hNESwL4dpzKZHZvS7nbSEjr6FKNT7m4kG2dGSn9
1681257939,QmeG2HwxDz1cFdiofN6gVudTLXySZeMKx7HDMdaJSdGCbW
1595155246,QmbSLwFAU7SAPLFe47ZwLCtQ1TBWDgaqKE7enVNkziwgSK
1300853006,QmeEicb1B4NpoSbKxsY6o9WbSjL2fUZX7AgGrFXBqzniN8
1773234526,QmUiJ94iky13PRCmw5EEQUsBuZncLNdFJZT8hzRjmvoV9R
1662497511,QmNybefbMUimQsSdw1hv8DoNcX9FuE6dx71UTboWjTjqLP
506567396,QmQCUYaQBFYXx2VMxCtthcw9qpMCk5V8xVQatUgvPhrTBY
933313250,QmfK7dqQBhDrdrRpjwPBWpjHRodV9Lk2J7vJ1ctrZMoESp
693264701,QmX9EidTL3k1MLg4c8R1u6yW1tjsSq71gE1UxJdcBZd1Fm
308803944,QmXP6c7kdzvsWmwdGFyCMiwBA7PmcnaxhyTVkFfM9feZrb
483049,QmUnLWNb2v34arDWH2JCXiuXZDAgmJjRndMsUt3MbnFYqe
1078754609,QmXSExMmZ3xSZVbccuo55QGpU2XKwS4NuaajzXk7fT1Zp2
1127414709,QmRF6ms3QtjaSxZwotnaf1W5VPyw9ncD7sQoxSwGwjHSYK
987972,QmYdQoG9n32hc3oX6DBWrurPDs6CJnth5cUXHnsm4Tp3Bk
265014,QmV49Z6xQLiyaehcnmxxHjMeZfMWKLAT2CARzSvwf18da9
2121090105,QmYRZwTafXxEuQE69aGXKix22V5gYYBwxJqq7mvqrtWwrr
338872728,QmZcQRoXvXzLSv7GER5tSzMeUfDf4dju3SsHm2QGquJQw9
1411883080,QmNzhcY1SFqx2Ctu4DHaq2fFweHku8gzHSLLEgvUdNQfxX
2123126076,Qmdt4Qkw7LBSER7NEkz27oiqRtuFTkmTd4HZpYvMrBJnMU
139834332,QmWofafj8wZHhXAZ5m4kFacbxJC2UJo2p4NvZKM3gvUmx7
626871552,QmV6LeyVQChX2LV1BtmubMestvVSGe1xkTo4GPyTh2KPtS
524550400,QmPcsLSgZTZPg8GHj3yYHr4cxQhriU9JvzNUTaUcRCDbgZ
2133795195,QmXGY2kTeUsQ1nPUmfsc5mho3FbarKvJTejzoXcYX9EZVp
1243278242,QmRHsGfiuWMmtZHj7qwuXTGK59HwDxtzA8oAMQE1ds99ZJ
1228368156,QmbdAoa3NMfhNUVAQSMBnRXdbLXwPQGpK7EfgWW9QVRsSm
1090759277,QmVqcuiPv2Duwf2ZJg1P9u4BzNar7CXb1RXfQddMn8RJTP
1097216210,QmTUUV5LwM7fJ2vdJ9oZMNJxVtCiovE6d9CqLFrSHSgPFE
748654897,QmSJY35gUQ32TEEcgVy8emWgXrHSmp2wds7ZjmnLuhsYDX
522547458,QmUgfa6mbK78x5YAMMsR6TSY9hphWuHqTPJHcpvaoSpwRH
1105361,QmNPDBHdoxUFWP8wHy4RAr8rdozAn81eRJhMrn2WZCapYz
1540156521,QmQFpzqGVRtpvpLv3oxkdu4prkWH7mjE7tUWrQPqwnbSB8
1541806660,Qmd4cegK66XxqdEAF3u4nutcSz7jWT5uxGBxFK4fY9iiRe
87444083,QmTco5U8dEghPx8R9ZctMkwFjnYreDSu6EevqvkQRwsX1c
1584064947,QmTYug5A5mFxDsQK5DdsBK6kZGm2nC7Br4gCxqJ9n37ieE
871112204,QmaJY7XjLbAWrVSvoCck65o9NNDBhsf9SttH4MmvsJewLz
2136461716,QmeikMEkULGjAB7Q4K5Hjw4JDN9pA4GZ26aUpEsK7kw5Mf
711181,QmREuycFi3FWqSM6Ah75B5UNkMNHGVHwSw4CKpmM4QJp9Y
1218206304,QmSD1DB84pLPsdQNNbMJmYspfDGJ5V12Etdw1UfzSEK6nA
550277509,QmcRhE2pk8AsymN783ghtNUpcDmuAgo91jMn4tHh7xtrr9
199277633,Qmcvx6anfc5Tbo99B3jNQnov1c6bsEq1JpWGt8p6LNGiVg
1749365730,QmXC3W7sJNfdV4kqoZS7YxwPtGxM5ZNWeoq8Nv8hNRQdjY
484196213,QmWLuF5kx8QJbr53MJPfHS2B2D8rNWPkEasx6qjBADTM4Y
243527565,QmUm6FNXbsAjQGEeafWhmGJZAESbMwQo5Y2LvMgtHszFGb
1010024,QmQRtdq5de7nJeeD9RXoM4vpoWFhHNaSuYrziyGCzpA7aG
306102308,QmfCoFbYf8RrKDSuqTzVNbWxfWzKC63Js2b2jt98DWhoHL
990157,QmY5DGypVCg1JoRkUXXT1kweHgYSC8PJgpreURTmnSmWNy
2007457677,QmZNG8f6qDRGFbkYh7qMsHD5rQE6WD7kap7otwQSePnDFG
907996,QmWSJyiGhCy4EFbrYRDHtNiuhkSwUVi9d1A23uva4aHkvK
997753,QmUnzvJ6tEJgmQm2LAMBRy7nBMpQ4N8qAFmYWuoo8HtJeY
35145140,QmVe6M1AH5xcCgz4mMzcNcfZbqmfUF7QjN9JFYU7E4tAyX
997752,QmRTMsJZBPEpMRyy3qny6xGCWdMGEPLJXgDNpiLyMuVPjb
997754,QmRRgCFE9SdCHuUb6zuPH9jJVSzE2oeEJeerzskSGvPc25
997751,QmWXRmvodiiJAsnMzwCk3DE9Eney6VvUQq4dKztf35w2Ws
997756,QmSBK1PHeMTmJeLkeVgsgZknMiN63yd2rB2bMqurDutYem
997758,QmXjTi1uJ5p8DrK5exe2GnH7hvRXwPMk6PFm1N34CH8LMc
546881,QmdM2pQWoRdsMUyK7kDz3g7HJ3kQZzPNCi3MTCGiUm1Dsj
997757,Qmf554FsaiQt1bJNG5LrcDVDeE3FC3oPaMrH7TA9aMcz2V
997759,QmcGV1RATnenj8s4fieX92TRhuQ5kRP3VUWBTnVMnf3zQ2
1983059847,Qmf5z9mP46tQDS29NRm6myCmC9CEF5LFHS53ToocE3xjp7
1123758073,QmPGndUbqyX7bweofJGD4NAANVM8PYfLtkg6hNT3ab76aj
1406386927,QmXPzoXHHPXpwJz3M2LEvHUfkmdqP7rphAi8bBPwa72M9R
1738449182,QmcANMQCpViiNnpb5P39P68ti9YxjPzzCrboRe5sUXbhY5
1294021023,QmfA9UmPCVuFkcW5MTnFgZX5EHg7isZRAU7iin39xv2RrL
1621862669,QmTmA4S2SAZuqwgHswodeECYo2Leth3jzvZx5hbeXUEs3E
838693210,QmZRttHVwyS4f6jdY587XQ7zDQaTuDPxbwhcgGDkjUY5pW
489491,QmdheiFnt3q7EJRkeEZXPnWfiqjEiVoP6diVjeJR7HvPB2
1858484608,QmQhpFDyQvKqhMuFLEm5hQafzv3pDtQe17t4mVoQoMF2DZ
1069731,QmZVkdLUGUyqZf9Li26k341x4Sf4Xs9TqimakDQYjZFfxV
1738096729,QmXMQGniWoAJvzbsq3wpE2AcfrEBTP9wnM4YMbVegJcCov
1431441863,QmaijdJQoBvk46ivWc1AKu778ePRCySy9nQNQRvWSuHTbm
585706583,QmRdS8GHaj9vLLEc5o7qR8yXcFs8gJWtorXWJYxKpTeXEg
1073358,QmZ5U8wN49usvHZXRKqzEXZ14vhYCxzaE6D21C3GFoV2jm
1086280,QmexJowKsD9omTjKBzgfXEUukgEmuZFqj2cuCnbGomWp6C
159692647,QmWVyR36c98Fs9RVnjmF87VAU4NAw5wLjoLFobXg7iZ6ei
2114178747,QmPBJtM52jsqrav5ruzfJYWAeHJnP2V19eTSGNaTP6TEYg
973193,QmQEbtMCTXCoCrXameMcZG3C9VHNywqNyZPhWfpS676BYm
973195,QmYQ7qesH1AxrQjkwZH4wJxSJy2uS1xqggTukb1yJDaXsj
973188,QmZgNatp33hEuu7ZjPyrAEAFo24p2dfh8gNDYkMQMDZkwy
24211807,QmV1rRYo4GQARkwXJDPdXYM6KxdEZGEFd61xmfz8Go1KRa
759633277,QmaNiyEcpSNHmo3rEJiGC8rRLfU3fi6cn76Q3VanNiCQiN
22078988,QmXpNB9njzprSdH9MJLGsYJiEBt76wuN4FRRDEsfkDYdsR
1428449378,QmXAWf9zeQeUdoZLtnfxrXr1LsAZueDPf8T2WhXwSn4Fbt
2041046372,Qma9tDVMXS56PrGFwxUMFjVgLr7doNVJZWnRAGasAhtKrt
422554,Qmc8nXeu42f1MvaghZXwAdzNfQTcEL8vCQ8mf6kiCeggFM
1943694354,Qmd1g2aHVB4wkzhsXiCPiMgpVN5CjKHi2XkNb92Jdd8gxg
266442468,QmXvnGzTQhgHaFhKze7vbKoXZvj1m99Uryuy3mxJ25dvBr
1229836128,QmeQpiQohsi7KJAEETXdciYVgpKN79Wps1GERS1iFaBtzh
712711185,QmXrUDU2AyyMq44J7nh4ow6sJx1bXuPdEFFPqacsCDgzdT
939855193,QmeNMaSC3DZykRFtYW1QwpudqxfPa2zuv1T5GjWbzRo1AP
629256418,Qmax2bumKSGCFKHtqq395EdmQTW7hufz5m22jgecT57ss7
1795125189,Qmb4VdvT7CWNiaKVwqwBGDQse6mVgfKBedMEoHbTLp5adu
1928070755,QmdMLo8w3SmVRK2BDBK7e6DLfAbdZ7sHgQmVaP3WAwJB5y
1892669568,QmXZ4o4z1ud5eZjfzm7NwTkicM1pF4JJ2Lk1kVXuSMkpwY
1038887389,QmNk881dXQKFmGjmgjCgbbYaXwx4agT8HHh6zLgyycnhxK
1762484181,QmUSEhakxEDzZ9ibh1PmxP58ee7VN4AY8xPo3VGqmD8fQW
923731673,QmZBCwzfmsEd27qZXJAfvgRH3e3wXMQErMpWBR3jqZ3LHm
888876,QmNpbjsycZzuUNyYenah8nBD8JEZ4653YEkcjyvFrpG6Gt
1270764303,Qma8JTWR2yMiiyLQCnQHYpDW25NnkXgNAfgtvAJ4BuUVcu
760918,QmbGt6RzVZz9GgnUE5dYis2atcyZhDaDUXePNcZnVckXhc
76781344,QmTFPXJbCkQb4Ga5oXeeYeiTnZjZ4rjYt7d6QAQ1g19wpv
2024082529,QmSR1gFxQCpdtfPC9ReVusm8KJVz2uwjEK31C2WYojgN5d
417738967,QmZuc6qjofJQREokAgbzoKLTaAgHDZAPgdKH5cDBgkPfND
115711,QmWRfZsM56xEcq5yHg1wqGGHyndY7d366JaC34zjKxX6qT
1127805,QmboqoDgjK4oUXsqyVywmGgvS4uybnvaBUHhBsVjL2iHkk
1179664941,QmSuJHWutaVMGcMRvVoVpzsdcA39pGpQjsA27mtZNMRpv2
934498415,QmXcuKrHk69gCPvgL1gt2Fh5bRpXmWNDuF2wYNtDPouAVp
267909,QmU7oDU4WD3PKUe9cZUZdgaxxhEVajqNVoKooxsaSgt9vb
2096102535,QmcyMdVDcjBo2Zc6LuUc9asR8Fg1Qh1zUxq7tT6ZxRQLvW
1977735585,QmdgUYeRwAUvrPeHQ5JXAoQmUddWBtrQQrkCKSZkSfyY4s
760910,QmargkqzKdMZgseoWCkmERHPpmh1ZvesBumTkS4XF3vr8T
1035997564,QmP472hQtpPqmt64Tyrv1u7dyJJaCySATpuX2HeT3C9s3s
1114586,Qmei46cJAZB4BAKv8zQjn4ZjVWYkqd9wYwmA6rYXKs1QqL
1544206419,QmS2vB9zhKBXedrtgcLBHKxaTCUZyfDKvobRxqqGXmjNKe
2075259175,QmVAmisfbvv5aJ3J3pjFhVhkWuj2RNrrM5aQ19pyy79X7q
1387457028,QmYKSLYpMMf9SMPJSfKvbxgf3SGTMPUfg4YaoChBPWzXfN
1823148025,QmRDviiPwsR7NWK9tVqRK39H3LdQbUoYJ7qpi6gKVXjpGR
1137373356,QmUQPmwcwwd1PFVosTTB61rq96Q45QK5f2LckhTSDc5CSu
2118517514,QmVt7W4AxLKeEVZ2rTWDDqxJ62qtvnNAcELV63pfG7qPUU
1923931037,QmVcneZs5jdJNyoQopXAAmWQNyXJschqs3QfhomVN43TEc
1472318100,QmSQGGBHhSqrAzfrLPidYmr4PuQw4JGBGiZXMd8f4HEapH
1348620088,QmW6f4y6ygGhWyuDL2xAHyTb3wa8MWcEZcFwHdDu1WSkmm
2117421684,QmYkiLsUDE3Xs1HXnSfn36AD86aEJ89KNRDfQftdBQgpb4
1169131948,QmQPpd5ajFBNbs4gUrZBVR4mrCGy52BnmVaNK5cPbV6mXP
2124767020,QmXUokgqReqaLZVcYzfKJ7LizukFf7trKhjXxBe7cyNXyH
1880076874,QmXHQvurxgEsoGZahuTUCEA4eWdHnkTxcYbbaM1nrp8J3s
1325976366,QmQkuzMWCDp1iiSfLd4ToQdHiSVWnie8m6uG9afqDkJMhz
1141535516,QmfPTWKwJHunNyyDbYruLqoQvUFY1ubJPNDhVT1dZMDErN
145484129,QmacgdpG9PubuMU5c4CdMCkmnfrJX3rnFJvnzf4icV5TMb
1071081870,QmRKujU23vPDgqmtKRBFFYB8R4RRjGjHSrTpqrjkMuM4cu
1941514603,QmNQqvj6UfPh4rnxSWBYjCGVwZjizFaJycDA7CkmWwNZzo
331729,Qmb8hmDkJqSPX2VtL7sYFR4NH6WBLVGyHpNGfH2Mdmqrvx
1283771007,QmUFGVWhZRp4n91Ba63cGoYRWfKmBBnxqgWWey5MYik6b8
1163750908,QmfNGjwXm8uNA1v8ucyHzMBFfQGnTAoMkzkc9oJFakH8hf
948944050,QmXUN417uEF3TDdSvMcbbVtz6PCq7BbD5z43b2W5BnCQMe
300339079,QmbpZrcVFKiPof4nzyk5XBgHFu4Mv8NDZCo93sAyahRjfc
629973598,QmWciN1vTvwVPbUuhM9UY14QgzjUBtigQQeCVuDTkgoGc4
380938163,QmUUaRmw4aNPsQsDoYKcSz8rJswtAcf6UzNQ74xWnq9zuK
1808972399,QmeqrnqEN88Go7iVpZPkicJYyTRADAHKuqrZdjgKHQx4Tr
1153207561,QmNvrpizSqAkPkLpwQC4YpgkrYyw4yAKZe96dGJJYFvkic
55984993,QmREUfbRakxKAtWsREHPZR5UEbfyhq832a2pUbowogzzpg
1494964827,QmedicCEgLdEzJCJ5C28aNQii9EYwpwH3mvpFHgnvuW1z3
637837682,QmQ3KAPi2yvzHnoy6CStmKcgueByaQEYuUu6nwdvvHwAmY
374510097,QmW765ASAMntYBmGLrFG66m2XdVJHbyf2u6SjsGifSdW3i
1134848,QmbMUq2AwfdFHYA6ZrQYw4G3E9xznCy5zk9d3fXQHm33Af
798082973,QmenXrArBwyziUR1DphwDAoZL2z29HqPdtNgCPX3b7xDbK
1136090,QmTcsZy9BcpdH3LsVp4TsLGrtHGJhUWnW7TSowCQyzZHMr
1135983,QmbLktFLMHqHpt1vdxSB7s9qQbFfhArPesopUE6LFz1jKu
1134855,QmYuwvNghdHu2Gon9SMYs3ZwYvipjUkCCAsHcvC8ydUqTT
1135405,QmQ7DuS5E89rNTNxPaeh6QPEQa4Ah7LcSWSHR9frKy5n3b
1133039,QmZuKbN7bjYCERSNZ4BLu3GxSdKPiAw6LURvDvKahRfh9x
1130836,Qmeg4B8RWcVuSL4D1TQLDXYjBoPMbSwKvdWBKFyczC43RB
494662359,Qmd9BiLfeAY9ZPPNo3xXKwv8uezHrbz26LMjZQWp1L3pR6
1125047,QmaK5FLspwToGTmY8x5JBqWLn4oUamFgCiazxednNL6Z6h
1132058,QmWvcwDMgdAaEA2swvTLmYNcW6v7XSt6tf5uHmWCK3dgZA
1127909,QmT3SKvamQBKH6hovQ4YpJTZ3yCExnW86Ri6sdNAsjxDnq
445494473,QmRqxCaAJzwdoyvoWcy19KhrncFFBogP97nt1TJQu576U7
721700140,QmQVFf1PoWaebB6HtmZTrdqWAjP8kMN7JspSJVqDHT9VwJ
1897254965,QmchH7PS9zwTCg5JAiCopcD9tDLFvgmTrLaQ3oM4nBCtbE
472628,QmTyaqPBMPxJuo7w4Ko4BKmB9JkyuLxoCeiFwtEbrinihY
25953153,Qme8Kw1nGSXqXskXkFpp9CHAYD8kwtw3E1TkyXoAtnmCQB
1128010299,QmeZnRrnC3dea2JQia5v5zMxQRzcqxGmJFZzYMtrD1y5BG
1325114642,QmNaxLcTdEEZ9ARcVDqoojdjPXq4n2ZjM4dAB9s3MgkK6L
992089750,Qmen2J413mXmb8UvnzX8gEWu9r3uBb1ozspWXyY6kGuSv3
14401203,QmSHq5kPrVmL2VgWUA4TcaHm9jGiLheFTvbxdu25Adpijy
396866,Qmcz3H1xv3tUoTWwKeeP8tJUACq1GQws1crrVf6Yh3PT31
177369241,QmZKe85S6SP9WGw4BLUnxmqEUmUiAn3KMmpFUzjerkcFM2
472626,QmVMx9hShhUAo2wV8zLfLWfDb7wazjqCQW7Bk79VJ8gnK4
342781397,QmW3VMikCcztx5o4ZAvkrLadgpWipz7J3tyCF9qevPztie
681162274,QmdQ8YxY3Khgj6Us5b4ZzCF7q4a8vXr7XgK1Wp1S4JadBG
314120154,QmdoJiSWU7gAZTPfAm1gCgMftE9pwqYKwHamEMe5eSU8Y3
1491962445,QmZ154votJYGtKQDiuEidmPFtzgtmx7jRVZL6sqrDFoCgb
1619732280,QmT4Wr12tmnsMhzfvtxVjxKWVBMtg2AN6BPdJ7fraZNtNc
139347,QmRjYMDFoTYAvNPgHcLpZTdPAG3bziVS9vSBwDbTA8dhwW
7264714,QmZ9H4GXF9NEvNMbmXkcbLi3c8UUFWrE5C63Y3iyb85EmU
1772961969,QmRtZnv1Jh5h1JjZybQHFP7CakJN6TTAuaFXpSrAp69HqL
738893,QmZf9Fghs9sXq9b7iETJFcF435xkaEeUpFL1MTLkUyuBW2
627260,Qmd6wHrr3RrvLmoGJeURmR7dYYzUd2aw49PnBCQ4v2FCss
1172113964,Qmd5xtxdeGbVNmNDuH1D5M3niVyh1fxVmN2zqro7oRkVgy
2094836434,QmWg9Z3WgXAf3UkCMh8UM78AdQpsYsdYkUbMgMY6s2yLr7
1562057848,QmWTHxgfAbfERwKTApppTNxfZ9QToUtfeoRGETPUGnnwrM
1820985390,QmVwHkM9xDnt4n53myqntxqTZwEB1oy2VPR5sLtzeGmE8D
258673623,QmWvVUwYXkCBhbd3jxAqtaDjTYGAa18EgVfZ8NkyD5BdPk
1192406487,QmbuCDad6iZaTjrGSrPuvEqEvmNxpQwE9QN2reXDaBHXrd
1126408,QmX9jcf8v1TKy6DLCTrQoZxgSwN1t8wxLNphyiaz2RhbtC
1948303523,QmTDS8skNRDbD5PUpeVfkG4gvKkRWbA59NSKp8pxMUBKRX
1115735,QmW4uz5PB45PkcT2CBY1YFfb6ZE9vpFCEAoGMkie39F8JG
1115736,QmcyQbMEwhwwAAbrDGuLDCvErCijpwWcQtJGwEuv3qg8Pz
1255288046,QmZqhpRBazQHjL9CqeJoRRpZaCNrzaj2ukz1o6ETXLRAHG
913317599,QmXh2E9BtUcgf2DtoJDZ8Bxah11SpUsxiycpB9yJVpRZ4W
322814005,QmNcKsU7iu2kgLx6MbyahsE7Q9qTmq5dtC8ncHe6ZBddaG
1284008699,QmUHSwxWNqDVWzUDzUuBYt9uGsQVZKfn4Bq8xM3hgKcpAz
1119012,Qmbnse9RovVX5wy8QhB3s8Mnsjo2P1ZVuV6sg4JibsYfak
572680,QmPfxYToZhP1EW1mdpVe3cChZgter9xqHVScYzQLVxnpM6
467088751,QmU584MM7754sjruEFjLgMAasuzXH4wHRPBJXxwvMAuU6D
1563892497,QmSnE5ojvK1VMYRiTJ24cJAAanHaTjp1QBJAeCJFyvmCFd
880568618,QmfAP1AaYxNZ55ajh5kSnisZxiUhx4M8MxMEfchjdksuuL
1137252888,QmZhTzRLRFDeaV2xQdPjuN5MTQunDbdmmbvEsxNHjKahMw
1817042894,QmdgCkCMbPpXKz1HFDYhiVrXN7uuufrzMcPyQncHjZT6td
725948,QmUuVcNPAdHiRBvEwzaeFPtCLdSVHLP6iUFoGSt1xxvzLm
1176413838,QmYkwsmV3UEoJMX1Phti87etVXA79N2rbCBjJ7pVQXydS8
1977127964,QmZQh4vM22YVvH7LsBxvPg3pfFYCnz64rvqQcFpMMoNGKs
1396659736,QmdLFE6WR7v243LJ2fTjkJXNPwsscMwY7x4Y95PkAsfT3z
1330092989,QmQUbJcqKDxEYtqGp4Av13bvCiaWsS3oeYsi9CoaYg9Aor
1433946655,QmcUMwmJkTYx27D8WHKHchweYYMv79WXzj2auCqzvRpSq9
1918889457,QmP8pBKNQuB8vxZRAyir3yetiJMYkcCY3FF2RPCZHXYooM
613208,Qmf95vFKRbM3YQUqJk3y2Y3589QZ7aWmvjYwhL82HZtc8n
999839,Qma1sT8ZhsoBqtJMqEkaXHQpHfvSvTP6HC8xPBQrhRdRWZ
1155404882,QmXRx98GQeywbRNU5Ua341vuKiGXtLaGM2CCDv8T8DVESW
612628,QmT53ixKCCHz7cAthDHCXY4AyKEsJL1SzCJdq3pwrPda8e
526885,QmQx2BLpeTvdFW4NkjNVirZ5zSpyJnuPMXzcwndZ9oAbta
1015535,QmU1NMMJwYrUWJjtoKx68XL2iB9HGCqVp5pVC9kYokAraG
1025285,QmerRTtV3mazF8quvJUD2bXXau8mcm2aFcmPGRsn99sVLN
645993,QmWJbaUFtxBVXLH2yZgKj9Co4U4f8zj2xAdfE3MEGnCf8k
264802,QmPH4jTZLiCBTQNKvsmhmHbLiMcycam9ZSwcpsMFz93cmi
567312,QmTVuPH2eyfra34hAJvsQJAnXEXnhjkh34UF12Et6CqTfR
262888,QmViwJtfmvcRaigUJ4XjJ1HLz8xdsqFNG6VEjnFDDcK5cj
794998480,QmQrqnSqyGBENddh9qKowiNMHZZpdz9uMVwUcpZu7a9Zkd
1489987320,Qmb5aryeLndefBHAeUBuEWpuQpL1rC5bKKML1gWxfQWpms
1117932,QmYPXks5TkXVdMhBZAFH9NZCSmkN6GPDk2dhA91qwBkfmn
601758,QmUBqAcDunnZG5VJN4EYS4QPXnhiJ2HzuAgue2oHEeXakF
887389958,QmSeDZFTxmqgNuECEjcgzjiqU9zbqiVbk4wRRj1RQsQCus
444547808,QmYFe6TJwAz3SpWKtDHDrfbju6ueyx9NZ449ayQihEVRRz
1935762863,QmZBz1gQ7jvKNhErAg3XcL5EG6aRdRJpyrALGPE4sb3KvH
1052971,Qma4J6oJ2hedUs398Eas9AVsM1ykB7bsAR4fsADs5tsJsF
1001606,QmeH2Z1uLrg5uLwfVLbUipoqLDat39hTeuFgqMwn4U6fuA
1002472,QmUa833rFfVTSP55rfVn3XG6DT4rhyCKVGa9aKMGY1jrnU
1000791,QmQxeWRs7Rth64xM9vuptwXkGDCsH6hvjXrZb2ATNmHfcu
1004244,QmYrrJLgv9i2gUN4ubAgdLhN3XBbkfjkM4tKkpAyFfdd29
1003336,QmYDaRwxy1gZMxrorRp38X16nguYhyDdqwoFj1kzSj7DPU
981023,QmZxohpQmBP5MLFsuVTRJcjYfZR9RUro5tECuwtbHaMZQ1
1052909,QmZxRJU4ZZJQ7uAFC9v37mF7uiSraNKoPrZA31wqXWmAbg
554484,QmWhhfQ6iaXveycPKGyNTr8FSUrzDwsfWmUTqXFgPNukuY
924023,Qmd2fEy8UZ42wfmUJDaLeK5gcqDka8HawnBo6UabHdJHZp
1004413,QmZJJcPNouLvhqpETvzyADzCLXT3nbhk9AbaxJ6HvX2xyN
555740,QmYgj1RyV8podycxRwg7pRnGFW3zMPZHUN16kpJCKShd1Q
1006133,QmedhrkH9Q57jt1XZJaZGWijuVQs6mYsm4sPD1aFAnNpEJ
987771,QmduYyZGZiwvcntavKhV7cakwnNZ9YDdxkm53yYcJqkALT
1006013,QmVtfycDTtk1uZ8DN5E8M5TyZPPLwdGnCANa2o5jTiycbP
1006091,QmbibkvtQNE5U2hjaHgjkn9i3dyxbwFTyLtR5CJztqGQ4J
1117798,QmbUAPrUMe1qFSJLuRYmu9ejvQzDrzaRz4SFUAWVvGxTsF
1007389,QmUCRevRZ5NJj82jjZ66WeKG2YkzVNX7bdLfrgE2r7HuKv
602011,QmQySA9qvAj6CnDs63XgZLJNtn1nf3LKHskVvLvvavBA3S
1070553,QmTprnqQWEPeoFAgQH2DzHLXyWURTgGwLs7fc6Hq8B7qhd
1008663,QmYAcZKMBHgWRQnrdQUiJrV5daV5gdmLmShdwPJ7jFyKTJ
1118594,QmVPetJY9EXKT5qikWpECUeeXDVX2RttXjYcjUtTK6frCx
1070554,QmNyytYXNfzzjoQaLLrPSHisRCCcjSKFm2jJaqkPc4wG3p
1008543,QmPqdGbjYjbwYDShTZpguFgBv6tsdSmJhqmrKfiTd6497R
1009812,QmQRgStnur6B7zWGq8vr7xK3peuRGSAuvKZFbBDqd9oNKU
1011444,QmRtfRhM4h7RQgS2FDEZr5NagKf1UjyQMzBmJjzGucBZD1
1010940,QmWQ5MXRux62Sfixtw5rFsMQXYcJQ74GtN32YPkk7bsCGU
1117122,QmdZE9TiNjZ7drZx3FfyozdNACX1Mzg2xZa7nhEXsjjHji
566838,QmRxsyj8fLH9iGMS9bsCcA7a19Gpu9i7JyKQofX53f1wUm
1009269,QmcgBHRGS3xXJqwpkmL3GxfnB9A9T4out4uAE9ZP4e6Eoo
982935,QmSGLBkNqUkggN6zF3ATE74Gg6WB1ytbE2cZzJMcpzkNM3
1012831,QmVsWfiPbBWvtHAEU3nC3RV27StruoDgqGdbbqNQCkUYJR
1018809,QmPRKnkMFZXqaDMKbAQjcm6sYhuVaDXAd6DYryF8dyLXWh
624497,QmQcxNZ7NNeLBF2n8B7FEksvtjV6mS2p4eJs8yYxjZA4xo
1110702,QmU9rUCJzUguxCPRtJgHL6QMTARHYZqA7kYzd5NYacgQBx
1110700,QmaFXRWFihaAv8x5JqyGDDN6qK2Ln3Z5XXTtX8KYzdwmSK
1110701,QmXqPpTzpmnEVuD3zqHJTMdNrpbnsLGevqw2A4MEWdhsqb
1013254,QmUeLfDCM9Kdo8qJs8DuDov5GckCnivjDt2WfwJizcgcw8
1013253,QmTcVMwo6XBqce8WLTE5kJBWmVem4seXjmusUhMA8XiGSY
1110703,Qmcwu6byFVSShNLka89wYYkd4VPtu7zMRmDmqQgZzRouBc
1013255,QmZhvdyjiyS6MFd6UJi7swvHhRfL1FSAR6JpDnetrXYakY
572864,QmQ9x5V2fv5MF6ZmkK5oYLAggvDAUkgauz5RoR6PSVhZ6n
1116711,QmchtVu1RdHEGotyWSnUH7AHVzd18rHaZqaoDRD1eYwkLQ
1013318,QmVJcW6mPBf9tbezU2xR71vM7uWfM8KxahR6JdDUyaWv6i
1014234,QmNq5HKAswwTvf38e5GMGDBd4dyGb6rqCL6B4hqSavcyQP
577591,QmNPgqefp9LEh8Jyy62pbbjVEuVXJR4UsknXJX77rAgqRP
1121193,QmZG3gypqTEkPZQXZkPhSfSe2R6cKY66iArzdRa2qpW2sU
1016356,QmTk65dpx22AY2Yvwsn8ayMWEkG3wKYE1JxFJs7MEL11Hg
1099768,QmSN6QSSLyVxfp9jDTTvp8nBNWJmLimL6pWjCRge3j1ZPB
574744,QmZSrQCcqsT4WM2xfyBjghbT5YC6bAejf3KMwQYVXL9DiC
589606,QmfKGw8kKbvMARX1rZt9jrdSdCbWxVnj8hmMYptLLctLUn
624496,QmTJrn649WGkiTRXtAjDsrJtgSnayPZTKRpUz9fbSN4ok3
624495,QmXQS83CcVza1AAsAH4ZmG9tVMbzALsGagrofwLhCNsUUc
599947,QmeDy34p2yfJz1W5NPWSd3xmvr2ba9yuiBHKwyaaP5YyFY
1030967,QmV5bmsUyUyfz4bfcFvopmvaNaGf49d3jPrQ1fFoHqkrxD
590205,QmU7QNyACTk3JvpHRdcGLMwgYUyxF5zwFNRRixTPbqKbyN
1010047,QmeDCdPt7Mae6ipRBrgooSmxt3kD5Z85B3koYHFZGgb6DV
1020634,QmdTMh3gfcQdKLCCA5hB3XBqbem2VD6qn2f7pPdwKANHL8
1023618,QmTdHdQCQXepwaKRjN2wK9XdacE4EvbrcFXxmmho73HZ6h
598845,QmbWxLBiRpgqFmpgDT1jJhRoABpGGZmZhU8fBjmbmNw6jY
1024701,QmSXcDefgeAGMTaR8ouyPGsSTZwgmCxJv6vXCHBDehGoLJ
1119294,QmcjadcvuPdV9gcKaajjA7h6jqW6VkNhfDe2gQxo3wvNby
625514,QmZSy2zrPXSDff4fGeYq7AMi5swFXTvZgYc8EWw1wKo7pR
614871,QmbkwyYWY8vjMwYkc7gTPva35AKBmkiKgPCvJMkRTWPVQg
595466,QmNPnY1ErhcnupEwn7Tubt1Ye17vYW6TqbUY7US9PBaa5A
1028717,QmXTe2GWux7EemiGnCpex8JrxXwfPQ2SQVbDBBBbwkV9vP
1074331,QmZjdkggqfAYfb9YwCzoqjdM2QQvcwazfSBF6BRHENsnjK
1039908,QmSzDGqDEpEHsMw1eqCEjgXuJ1APBdeKKnejQLRAjqk5by
608686,QmXWCvzHzf1HLdbiTAScbjao4aHztz7M5VPuMnFi9BZXoA
609825,QmcZ4ELyM3cM37d6bVznqdrXHGUDH5dxVrPmg9pZoToUxV
610999,QmUTfhoJzwCKoJNzz6mFGXC6WhWydbqDPULTZ5Xz4Nqw7r
1112611,QmUqU7rGPSHb64yumqd5brnymmRnNCTsXSuKjVbQwyYK13
1112700,QmSTTRF7prZgujJCzszDEf4Rh9adShXKmwxBkjBijYb1hH
1029259,QmeXpMJ3qEoNRNX61qMSMZndNPPm4jfYTp497za2AVT7cL
1030045,QmQbjdEyDk7wzgPaGQ46LDKHBAjQAwSyE1rDqB4r1Jp4EJ
616222,QmTXRdjni51FdpHcJAbYxh1GZ2NXH4opUkPk6oYJAmDYVA
1030437,QmNZVFisTDMf2rS2oZtX1GCugvUhLBaWVXMUjUTS5q7CBA
1120827,QmPwVozx6CRZzt7Ur98kJSpV5Sjo3AfxrfHQnweqP9ceUR
1030059,QmSotZvu93C1e7mdJhw9x7bQiciHCbb7Hihb9SZcyurcLU
1085562,QmSBXRYtBPwmvUVivDZRtATaHC24ZywoszC1L5wJbbzcW8
616227,QmTXRdjni51FdpHcJAbYxh1GZ2NXH4opUkPk6oYJAmDYVA
1030182,QmThW5FVQYZxKEPn9Mk1gApPRfKLMM4a8uSHjNVxPmkoiH
1088511,Qmc2HXj1XUxajr1vAT9UUcSc2wYJyMKzDHS3xzXR4HrGZ9
1031400,QmdgC34UtTSPuHcDUMPaYAQxCzdG8M8UoeupZKddjuC51v
1079433,QmNyNrgvCdxaSQ3fMh2APfS7HFwCtmQjzrAvLhiYPNKzkg
619686,QmXfBdm9cj2QhLzsnepZYLxSwsZ3TjtuU6qVnByNBnW5jS
1116735,QmZacB7cxfiscNF3zqEbdVkRFMKcNZUK1TgenAP12ayqb4
1030902,QmfH3TJX2sYhgpQVXcaNdVznQYkpa8kpMr9MaoTAfYm2mQ
1107823,QmfNXiFxBmM5Z2GeHECYsU4GDzBXhwSypJcgndVp3epzTK
1116076,QmdeRjVvQaPGFE1uJ7js7QU8XwXgjFAY9tsXoctPPg8ekf
1086989,QmUNHcHkKzEz5ENCNq8GzFEhCMMWMHQ6dmroFJCt9UNkvy
1107820,QmU7hn6ZE1V6VYcsy6xW8dFjEC9gv1QvmnaxqQD29R6pUx
1041113,Qme9N7Gmojybg2qx44S5HENaeaSKK6aCB2Ya8QwRMjbhAg
1040114,QmNU9LtRjb58acRm8i2kVnypyJ15jryUUHswsvQZTCT9cs
1104459,QmTo2PiCMN6Q2tSrzvupro1FJ23n2gQKkjK2fVEgX9paji
693187,QmZ5HE4FnUqDQeiDXkCpsMYakd9UABeQhG65BNQrLg8MVd
641496,QmZMW1rmQEtsgN3iyBbj2wkc8VcLQ4rz5XGxvdF2w698mx
1041743,QmZhNKVcMdesND5k1MjDxmzhB6MJcBDHRfmMNRTPjeWJZH
650523,QmWCB53BidCECA4Hx6Kz3kAroAhZpWXSK7fzgoL4uNcWcP
1107825,QmXYUgWPEN1qJqbHF3cZd57yD36tU3QGXaoH1LzWNCMGUS
1104492,QmeAg3bbhosFefcyE3iakApSMaoT7HRyatAqVzU5aHUGwy
1089888,QmVDx482aaAfCqtEKV37JF1Lzo8xokNvxpox7w5dE5Hkxr
1107832,QmPc2LhL2LgjtKqR4PKiCJiE1Y5GXARzmzAz9GchHemb2m
1107837,QmT9XJQT1i1zXmgSCXHsKf44qspLr97E43WdJ7nr6eZtAn
656398,QmXVxyrg515mzJDHvaqFkoHAV47h632UHA6HoTztHs1F3a
1116087,QmNo1WXbWCeSsJnW9MjdcV86vWfD9SJeVKTkdRxvKeGqix
1096927,QmaSXEsJi4HgsXBytTDYhezLYRU4kiXwmQbLEaKM14KwXT
1096892,Qmd5FtLF6ERKiKRttztcxqQ7g1J43JaPthGUqFYpNXnmZA
1118911,QmSshQoHk5Ao7kiWByww2xa6pzC4vpTuJq413bFiMNxJyt
1118908,QmRZuQhMBUbGjgfCHtN6R4c93TsdmmhijFkdsZM2JQGFpt
1118909,QmZFTiTndBLJQpQn6VnRXxQQwy1KxqSmBmGRQbYmuebPQH
1118912,QmZS29Tn7QiUPGYtjvkJoNNMNjTZmjP4QhazRgXBZykVzj
1118910,QmZq7HMza7ZrDreWpubRfNvQVBb14NSuM7W1PamfpU6PV8
1118915,QmUHQ8NYaypmGmznjqLg6ifKkvGoc35YSravd3jg8BCrzW
1118913,QmWkEhvy8VRpvVRRU8jd3m8aB2kKq7Cf1XXVnXzmQrWma8
1118914,QmYyjNst1is96LCwJa97B2jCKiWb61XbDi3gYUnt4uUCmK
1118918,QmZc8SLVcQ9yEViPpf8ddNPF6Hi4YHx2fWc57NnftuxXDg
1118917,QmPNYDnqRWrhJPVJJ7gK125Pqt4bojRP9Si4qffrnx5ho9
1118916,QmbkwEW22gqwzkJRMrRcwwCVpopiS7xcQhjrLwvZEBbyLU
1118921,QmV6yjL5iXCh4yMKqMZf7bwZhcYufWGjFzvFsQHW6464uk
1118919,QmS5FTmRuDeqKnwUwYZMUDvx5sHqRgXBpnJaZZ4J4QiMP8
1118920,QmZe96bs21NfEv4L1jXze5b3VKv9WQny2LZ9r8gMfEZCUU
1118923,Qmaegq9WdnB68p1syRPduUxufVbGuvrp3M9MdBYx1r4LBY
1109140,QmaBAH1RgvXjZAUZj4XH9JizSYAiY5jjtB15uGNAdE6tmU
1118924,QmUch7nqf7sNr6b8Tp7MzMtayWJARjb3MmCdih2fr7QVEM
1118926,QmTS2ucsNFBf5EB4zS8dSryDHXGv9CfHhrDx28DEgjqj7H
1118927,Qma2ELtx24zumRxMMtXRZ6H8pbacNX4DtLfCAfUodWfRE2
1118922,QmPbH4ir2x2ZiK5P6gtf6YN8a9WyATEE7xpPRHaS56riRQ
1118925,QmaFCswjoFmUEkgQtqUgQdaQpNeUeFpfDj4mNYoDLoqEi4
1105444,QmTDtQ8aKVN3J3gfpat5NupLpu3y3Srh2H8JEE1pXJ8cLY
1118928,QmPkoqkAiwQ9J9bXs4X15D25kghd2JxQQgTN96ZBfRBg76
1105440,QmVjmTUBUW4YCrBmP8toei4hiHxhPgZn3r6kAPuzLs8GdC
1105451,QmRJC4KowZcuivHxerFQYxATXZTcfoy3M7igYJkd646Vxi
1105445,QmTDtQ8aKVN3J3gfpat5NupLpu3y3Srh2H8JEE1pXJ8cLY
1098365,QmUcP9iyNvJHaqv1f3Fok91kzK8ZbQjYj8dvMgafWVdKGv
1105449,QmRJC4KowZcuivHxerFQYxATXZTcfoy3M7igYJkd646Vxi
1098374,QmTB2sAvzawqWPfa5KXMzevL1ke4h9ntwLdY8hUcFaWKXa
1098369,Qmf3kBqcnLVb1HVKNiAVYZpS7nuBf7Jpx1fwe128vRU27V
1105450,QmRJC4KowZcuivHxerFQYxATXZTcfoy3M7igYJkd646Vxi
1098367,QmUbXM5wt77hwGFqWrUdMysYnmCXeK9QoVnmD7Xp7J3spL
1104518,QmX2BqTAuPkCkW54Ss69VQqE7hUY9kAp8gKM4YhcXhw5KF
674349,QmWgyLrbkh5q2HjBkPYegdWeZAaJD8cQJunNCUw22ptxek
1107371,QmPbx7d1d9TdySMdoktc9pmz2j1twWMWCq69Av25HDLiqZ
1105447,QmRJC4KowZcuivHxerFQYxATXZTcfoy3M7igYJkd646Vxi
1101299,QmZ5CPedo1aQ8dJWYfNQ4SEQAQ4avvUPJspy2nyarJpKZm
1114303,QmcHJhhbCMeLT5WbxCUybe9Afpub39M1fQyiwZAi8Vv1LF
1106077,QmaDTLJCzGoSuLQD2ajYvVnNBa9JxEz1Yy9FC5Y3XYVvRR
966337,Qmdna3gxVhbk1oz1WGyUCkpxpgY6H5LVcyAbrQvK5s9fA1
1111730,QmYertGDtkBtzPe6kvM7jcCCNFGPD9TUjXGssNvG5Lw8Et
1102757,QmNwJZXRKmsVtJxwtvdpcNsqjbQQzY1c2j76F7z9oH1Xkp
1104522,QmYt6za75feWRTtJ6sxXTCP3wg5B1s1H8RC75522k1PjSH
1107395,QmfQDnYXWZtLFyLxP6pqBYAz396wiahMsgt9vdR6vDc4fd
1104555,QmZzDAYxbSowkCZCMbQ4XHZmsazPftxa2VjtKMuzMBCPUs
1104528,Qmbjuuu5U7RsZKUvrMM8meUMN4nBgjb4qpgSsazRQGn8vB
1112767,Qmb5twjaocWXhE2pBPd4Aq4k55kZfqgeE8oY9H3e39rzFF
1112766,QmVpTbHeZajMtbFyz4gtiCEQ3ni9bZX8wzCcCrVbvsQy9J
1108507,QmQcTwQXyagRj5YwBKPqdDd2FyknWxALsqzaXo6fZavWiK
1112768,QmXyHgabZnM5kBwQvfksaQsxXWs2izvA5GrBmTzWSnbD5H
1108508,QmThy4nah527QbRd7DR9Kwuu4reyHC3ZVPdBHpkgyRBbdU
1042896,QmPDopnUGnoqW3uGg93pKeG4iwod5rbXoBqwUCyesCQfdM
1112773,QmUcoXyzHMEkSTYhuFbknygpov37idhGwEarTeDWoJr8W6
1105454,QmRJC4KowZcuivHxerFQYxATXZTcfoy3M7igYJkd646Vxi
1104153,QmY1bKHyAPTRp41KwpbbUFJBzxfMGnbiLb6R1x6QQWPEnJ
1112781,QmfMyn3A8vowaMBVLeV7e8vVWabRFMNA6Te9n6aoFQhWMa
1104120,QmNjcQpkGez5aqU2hKVQSdTiPLi6puDB1AmMziB91TskCy
1104158,QmY1bKHyAPTRp41KwpbbUFJBzxfMGnbiLb6R1x6QQWPEnJ
1112782,QmeLDNmQC3rLFWBYESrxRe5pTVicLfdWua9HRwmJp4cYyZ
1112785,QmeLDNmQC3rLFWBYESrxRe5pTVicLfdWua9HRwmJp4cYyZ
1104333,QmZBvceszTVAQnKCTgXTavxqMe1i8GCzvEHP9Pu3AUCUD9
1105473,QmPyyjqxuDjjMHwSKWwzcgmA3gm8ghqGuCCPDRSDiizwEP
1104407,QmSWQk57cx8JDqNZXEYPzD62SUxq93Ub9Ln5SBmKz8u5YS
1112783,QmS5DoWHnQixPgcPXfPnSSjRaxrZNSjjMxwiHz7daiVUEy
1104696,QmfWufuCvaYq4vQa5btot38witPy3MoBCor892284BZMUF
1105469,QmPyyjqxuDjjMHwSKWwzcgmA3gm8ghqGuCCPDRSDiizwEP
1112790,Qma3SkeLfqdB6SHrCbuqUBAhdMWE2asTXgETYZLNYbB3mf
1104692,QmY21uXU5ihZETXpEchCUKpxruQqsYBtoe1egaRysLkp2F
1104724,QmZ8pyMpbUZHf82SAf4ix7E3CtTxLKnFNMPYiNcny4VQYw
1104720,QmYndQA1dwpVXF45cUvstVv1qxx5w8AM1h8W1Fv2j3AQJ6
1104723,QmTzUZfsHd3VaQ5CzthRnRcbLtZXxjB4hiKt1AJ5upEEMT
1104776,QmSgKH4JaPkjLS3V7Sr8ybLS5CHM9wDMWNpE5yzuq4suqx
1104725,QmXrM69y4iK3aezd3T2nUZYXgfAtfvi9gP43mzsiwLtQDB
1104756,QmPN6jA2DzwNp1bCU3PPxnWpc5CSM87fn83Q84jM5Ag1Jk
1104895,QmZYXfYsGmRQuVPn3RHrEoKCvHdHeserfQBEGnVB27Ryvw
678554,QmcRWug6xkGJHTywH2f7FoD44c9wD729HExs1Za8dVFvwn
1112822,QmX7gXrCCdGZco5ypSe1iiBCoAegu4c8xfdL8pMf2p6XUp
1105541,QmSFxsmQT7mvm9ZckUnmDnVZMeUpkymhg6kQNyBaoaS9r1
1105540,QmSFxsmQT7mvm9ZckUnmDnVZMeUpkymhg6kQNyBaoaS9r1
1105586,QmaeKhPfqSJ2U91NkB6FDd4EJXiJUnx1wuwq5f13Zxp6Ee
1105198,QmXkDSP6QZzvaWFEHnmGJa9WmpUxZVi8L4hSFPZGpQ7qQ9
1105587,QmaeKhPfqSJ2U91NkB6FDd4EJXiJUnx1wuwq5f13Zxp6Ee
682784,QmU5Fq2b3KRDVtpMCiUZqrDYJTSJr9zFCvMmX3YgUYYhND
1105290,QmUvUjJ31nokYU5E52oFZUBsvv5sTfFmCV6MJXhHy4kVYC
1106873,QmcwAWWMvCC6aEp4f7sRkdQnq7jaedAPe9trXEZnrtXiy6
1107410,QmTq5i9FNgMDg5wwQ6R8LZ2EVjMSiLQV4r6HJfGLRUs9g6
1108125,QmSWTj6cHakkMaucT9qvDSxrKRosoqXpVRNfhdMpweCwvQ
1105289,QmUvUjJ31nokYU5E52oFZUBsvv5sTfFmCV6MJXhHy4kVYC
1105305,QmdPa7hG12GJEECRjUZEGd6pngyDjrGRkm7Lh6tJKmbZhn
1105617,QmVef1wvbbeGb1HLL6uV4CLyNNew6buTSm5DwMDi35wkJR
1106936,QmR6u1k6xBqzz5oiHEFV1x8HoZ8WZeTAMRqiREXPZAKSUn
1106940,QmS4dAgaJ7tpG363pHN4b6wmHtWMnLNV7fBwBFJK12bY5u
1106970,QmZJh31aq5FTAGkwJE6sfqKpXH3pbrNvCvqSVH2eHUANar
1107535,QmPrmjvnrExATn8mSxLDa8pstiEmLaEPCJUJTjfcnKGNMX
1107516,QmTJDGPptH4epn7th4Kk36xgasXLrzg6WyhFoLHXVs7BC5
1108513,QmVAswXiu3u61Yqv4zHeukZaUkVXuJZimbKzG3xJYuSyQx
1106596,Qmend5Q4ox3nVYnCmqe4YZ53kYnXDC9tTPNGWGAjUjuZsQ
1107518,QmNYGJ1BgwJ5j4P5xWuYaG16TgUtdHNpE3AGbHHx83bdbo
1106598,QmRsy1nB6TJdoarzJVk9ffAxguJN53PMyFNG3MLC8tqXez
1107012,QmXfdrLEaSMft67c2e4JfqUv2niD9KNTJqHtuZ9if6fQJV
1106597,Qmend5Q4ox3nVYnCmqe4YZ53kYnXDC9tTPNGWGAjUjuZsQ
1043831,Qmc3AKBGZ4hVW44uYRRirCoFsy1A4okJ5sWiLTcqnbNNoA
1043868,QmZaPBQjdwN9ADqkKXzHJHDqK9i69o2ycZFGMUxqgDuQDk
1106545,Qmakq423vsTDRqwezr33hbAhWiQtRbiCcch7LJRNDtgkzp
1043809,QmPoUz2nP6w9D7TaGiXXNzT4E4fCVrBLEtUvJAt7298uAQ
1107277,QmPbx7d1d9TdySMdoktc9pmz2j1twWMWCq69Av25HDLiqZ
1107943,QmZxAhXr6bK1LRveWEzWpKPipM1pi7A5Wa8dasg4ubrYRx
897857162,QmeNeANEwZtHYE7Q7PSLHGciLmq3Mnj1Td1z7mTb6MKKxb
1108514,QmQxLTczCeqqd7f4bMe86Rqn7GDEKdxDa79CxErUXuwwvG
1107215,QmUzz8dZakTgSra1B6BEKgTzFXuCgkxQeshBaRjKh8RsPB
1117522,QmUDbFQ2dtHBhWQfacYUk14yxNPHtx97zGxm3FnMLdoWWv
367832297,QmcGVdb7URjx26RTHntwFSKD6bj7kMKyQjuKx4MvG96Ts9
689713,QmVhdhnS3vLU5s5T8Fiwk9YwMVrAefK4uRYezTZsD2e2ZM
742798515,QmW1YGbCtTjycHUwUsth8hveo8QuRv98mpMSYWHQXjeemt
1351848094,QmfD1RJs1xsMA8LvRD15JcXBDZ6Xz1MFAoHMkGhyR5t7sL
1108584,QmfK2WXV5NDUnSup4Z8mqCpAR13XtTka8NZsyoMeHVgeWx
1108592,QmVmFVb9VVSpBqdbLZdGFUYd6EsnQysUi8dLcESaxyvULe
1108583,QmfK2WXV5NDUnSup4Z8mqCpAR13XtTka8NZsyoMeHVgeWx
1058024,QmVaFMqNW73BbHxLDJZC4esEm2C6AsBtFMCkBGecubtegc
1108595,Qmd6uebgZaAaz9u4Lxqg2XeoEggVrKbxRP46BK4tZM5LL1
1108624,QmY3N8CSuMSKNYUaX6wzwuxznfW6rDXE265zetMZo4zCZz
1508127082,QmPmtHpDHQbKF56WNiyVk2wVz1VR1nXWpzvM1RjL1N8BaT
1108626,QmbMJqjgwRmQ6nDABHN2ytYvvxwEsdmEzhEz7tr5DtcFQN
1108625,QmX1rid2yysC2ghn3E9RceYBoeZ6bjpruXAzBHhsDFk5H7
1108629,QmX53PW9TQah3UZrRmQQBVR5KqRJz2QkFVugFsDn6oX6zT
1108627,QmT9FegS5AK7o2dCmuwbhFBiUT5u45rsZRhaz1JY4cnX2c
1109237,QmR1JUyBkaUVnXQe6J4sANzmvHcLaMe3L96fPvshUv27Tv
1109211,QmRvr6n8pMHdJsVd3fjYBzXwKBmtxneJtZffxgyGXXQXrE
1108857,QmSHvXZEDsdWX4CiDTuJ8rNT1ZK4Veu4UFGDRJa9JXxMrY
1109238,QmR1JUyBkaUVnXQe6J4sANzmvHcLaMe3L96fPvshUv27Tv
1109295,QmRNdQFUS77cpwMUie1RtTHMnfCh54QV5QBhWcewRbzfu2
1108915,QmWnp7DzNrtLWryAeK2GiurMNcACRSCFMLbSaG4uYxYbRn
1108378,QmQ2WgivKmhZy8ApnsdeXtSGgDcsMbHJ7GNHGeE111U9Mx
1109323,QmXMAYtXhCMTbkcC7nfioskejGCNHW1BU4Pt4fpbCzRxKC
1109322,QmU8KGcSc7rPPe6VCSiLVLxCyzuJtTQgv72LXhLemqQMAN
1108995,QmWnp7DzNrtLWryAeK2GiurMNcACRSCFMLbSaG4uYxYbRn
1109324,QmSiaswJLUM5taPjwBNPKetidBUTXuV3P2jUpbscJCtSR2
1109329,QmXMAYtXhCMTbkcC7nfioskejGCNHW1BU4Pt4fpbCzRxKC
1109325,QmQznZttzghHNbAcSE1LtAzcNChRLJxU69pJxou51vmbno
1109326,QmXzu39Y9SaE3oojGU4MEimuia6tyniNVnqjVTao5cqPpT
1111244,QmRHZn9WPzQMw321XFx4x9T9J25MapM28H4VupmyV9v6Qb
1109634,QmUMLNqPSRyw9U26P21ManE7wfxE9YRoAbkX5tvF3zcQQP
1109666,QmasV9QQXu9kSiWn1Tw1sEQn2NzxEZphBGkXVixDR2vReb
1111245,QmSBAutzKJgmmDagskaS5Z5Bt7d5ZzJyUhHrQWvcB33Rwy
1111195,QmZd8KQSYjSNFLmzqseseSFL8xhnSXjMXvT3cq2iyNqHHf
1111267,Qma5UW3jdRNBx5FqskYL2ozicB1YRXpYXTVwvh2Xcadet1
1109773,QmNyobU15Fk81S29r91HkB1WoqhREZ6miLWedwnRhiqto8
1109823,QmWGFPEwT2N13ijQd72Vj72PEoZ5kDW5NR8LVnnWeSiQhx
1111269,QmQgo4pak6pbRdTF5755Q5DEQ3rUaPHsd298xBtqET4QsK
1109759,QmNyobU15Fk81S29r91HkB1WoqhREZ6miLWedwnRhiqto8
1357930315,QmbTtZJUdCKzfMCUwECkS6U3HdbgzyxZH5mFdmWSaBDRnu
1109864,QmYhGJiAUmwcDDc6tByECZu658QYXcvcpWFpGLBRT3Z6xm
154024991,QmWayJ9fjHv3puAcW8um4wnZNv3DmLbk8UeLcdobDgWK4G
1109964,QmXqKag7ck6nQoRb16SWxX3dcRyNhqcFw5hjtskP2kQQLz
863826188,QmcCqxjFU37fVatL2cqKUfu5Qt3NCavzM1EwBpF9x8auto
824955623,QmecWcxYqQcQS1xqkQNTPgD2YrUK9coak1bR4nQ45SDHM9
1110011,QmcnB2uXxNbgHo74ZfLiDcxgMvmTK71KYA5Zudi5q7nCFn
1110339,QmZEAjpe5mvSNFsc6y4ugRZ5YRVhL1zNdNZ87yJNXJV2s9
1110413,Qmf7NH78CFRAVh2srjJGmacRnhejUiBhJ7HaZrPeH9HBEa
1110331,QmewpAcpRJr6LmGKNPQrdXrU53XukvX5npMQkrC7dwCas7
1219151920,QmaXHFD61k2EH2pyJ9EznvEePBhbDSCBvuErxRPrxoDrom
1110516,QmSBH5YgcpuijzK3aCGA1DCPrHu5iCPPDiWak6iFEQ7yed
1131783,QmWy2Q8hrhksSxXDcV51pes2AGPoysjMfEV1usRFd4FErs
1110440,QmYUoGyRKBWBFGjdgcUPoxgLUtLhYWqrUgcEH7WsrV1kAr
1110539,QmSBH5YgcpuijzK3aCGA1DCPrHu5iCPPDiWak6iFEQ7yed
1110332,QmewpAcpRJr6LmGKNPQrdXrU53XukvX5npMQkrC7dwCas7
1110543,QmSBH5YgcpuijzK3aCGA1DCPrHu5iCPPDiWak6iFEQ7yed
1110609,QmXP9FkX7XAv8DZPioGfzioHo5ZyeM64MBF3rGT3zpVKR4
1110601,QmdLxNKpG6LPEv2RZacu4usWwzMqkXiwxY2E9w3cBuvtbV
700292,QmP94eN5kMduB1625Q9eruy6xg1XN6Y5bzEoAWJ2YGej6K
700289,QmccA8FMKPytR4GFiEzdJsSvGytgbwNmRDPBRgVdfhbN1Z
1110550,QmUvsWhS4fJ4BT3jMtniTR35zhew1eQRpMrem2SnEu4xxo
1112910,QmPBHwSQ2EPQ1ik7PkV64pLpX8cYZM8hQzMnrhhTPtMYKz
1111462,QmahkVKkkfVeXAaekYGUTDyP1AnDUZx1suvepKcZGiPCwz
1111687,QmXdLCS5cXadGCrstA2Z9WrxRUmJYhRV1RuwdBDpzL2tYB
1112329,QmRomwyJm1jpnXDwVZJXaRa8mPGLkVQkPhMse9WzdQcFdw
1111650,QmX5sv5bK4gX1rL16KSmViWpR9MVPa1PkdZrywutsPfbKQ
1112008,QmaRMfTuv2oJHDa1uzkvEcZudWGqcu92tfK5edpGHqUaZg
1112024,QmaRMfTuv2oJHDa1uzkvEcZudWGqcu92tfK5edpGHqUaZg
1112112,QmWzTE32MNNBBQ2maNqG7vuB3toubvkJF9dAwu6SP7PPsZ
1112367,QmR5xwZLXq2Zrbi5QtTRVFKjNz43eSQ7BYBEhWRiHRBtGV
1112360,QmWnp7DzNrtLWryAeK2GiurMNcACRSCFMLbSaG4uYxYbRn
1112432,QmTisrhmaDstNpC4FmQNeFjKybQD6UiBToWyFdjm3t2Yif
1112405,QmevkgihWTc3SMbj8Y8Krm2YthZoqSZAtTwJbMq32ANCuN
1112117,QmWzTE32MNNBBQ2maNqG7vuB3toubvkJF9dAwu6SP7PPsZ
1112285,QmWnp7DzNrtLWryAeK2GiurMNcACRSCFMLbSaG4uYxYbRn
1112301,QmWgSJ4VugHsMCNs5MAQdJANfxRBPEGZmpdJC5xxMU9Wja
1047823,QmQK4rSSVbyztBMu3CTJdAgu4hXjspi8Ao8CbkDnpFcLNJ
1112593,QmaJvWi9X8KQYqo5pqbm2eZtpDSQKEWD2A9CBz4jzxc2hU
1112498,QmeX9b4pdwgaEasNfp7oUb3vjvsjvgoNhvrQYBznz65JA7
1112497,QmTii5Vhm68FC5HTQ6G4hM1DqHCoJBV6dnD3Fnz1djnh7k
1116119,QmUDuCPRg5kkgjMyuQ2EzyYe32LafeshMw4XJpByBpAayt
1113097,QmYdXBkgJCSHuCMywkc3ypSKDeKVdxJimurvNeaXUyUm6T
1113239,QmbYUQwpnSPFg9qm9UjU11ACXLWW7Hz9TmfFBDkDFuz9wz
1114475,QmWWZ38yK1fFPR8VynkB4gJSDEbu4ceCL2iX16sVQvVNZ4
723244,QmYZ53bqN8xZrv4nr2dhrXBmq8s9wMuL1zPywiHeTinsQh
1113555,QmeLiA1D5wKDs8vEQKX57rdRbFgV4AqwySn98bnEXwuwj9
1113504,Qmc9mA7NgLexhwrfRNcMDqg5rQxHfpdfLD5agt2zJZKVyW
710927,Qmd7FdUmt5CSg3WjaCTCfUfa33eXF8iMLUsskL9hQdUCH5
1113823,QmaRHikyCUXYDymxh8a2rzyBZyHyLdSzd1XWTt7AVw8aeT
714379,QmXLFmz1mzobLa41iMD9uUbqmhRV9xXZ9h3UrSLXiChKuS
713760,QmV6FNpiQXTbSHHKPxiSz5XWs39jS7uyDMfgUvBAFLaSAD
1113928,QmSRhV8Jb478mEqnTkv4sT4HyK2aE3MzhGAfL5jRSqcMVk
1113930,QmWfajM67r5rKtqXRz2WhzckkwzD2W35fCXu7T4erd3cu8
1113927,QmV9nviHq3XYgRSvYEmKzsq5RvezL4QnDkEfh3vswgkFSY
1115261,QmfLvPXjNKNBeRtPHEM5v6K3ppzRcNxZaM4v8ksQ72Qh9Z
1136991,QmTP6ByMnDj2ipcu8P2CvXubq4SFS3TTxgu5LKYHTGLQ4G
1114239,QmNY38eqwRK3p8E5tnr69iDHuf36uVDD4RpjDmSve4Y5dj
1070923,QmdoGCXWPUsF5mLcQMZsu9WYsHmELz5yHdX4YXFLH5QzD5
1115313,QmZJy6krwK8TYRDUi4HcNVcg5W3YCxPEAqgkgegoAWNCc2
1115406,QmXtXFG6ExhgJNftzbQQ2ic6pvPTxdoY88w2wiiDcPAEUN
718604,QmfUBALYp1zq96XxiyFVQoj7V8NmMFuxhiNNDvwowGSh2i
1115436,QmNxiLxPpkNejhJLxwaKQcVBPEF5MrZ11HJPYGY4FsykUt
1886652301,QmRnpu2oaWNLzz2ub4vgcV8Q4a79CsrAqucMotu1oMR47P
453840213,QmVYeA7fb5jtNHv8TN7kqxEMEEDXyUYn1suDteJcwPAY6Z
745210,QmWW7msm6cVnaL31zNWaXk2zhQvLtFrDJGXfjiWuHgQRbM
725879,QmfFwCTG53SeTAhYEmZVUjE5W2VddZnXrq5mrLJHmwgwke
728502,QmNuCESCCWvDJJwV2xD7agLDbWMjeyWzUd9ury1tUqHetF
1116794,Qmf5KHqM4WZrKWLYf7DavFjLLW96fGCfD733hh9fSsnp81
1116670,QmQtiDXdbLxaTjXxaDW3fzPEWeuxyAgmXq3UQ4Zfqq6P7g
1116619,Qmdmrb6DG2bULtJRP842sqSQYq9pRS84R2ZkA3rtqLeRRc
1116986,QmQhBQRFLN33LVaSQbbnw5rds9KHf2L2H3LqJHFsoEvGCZ
1116979,QmQQ3QSNGTGs92ZHwM5gQKn21HiiqFUWD39v4DPor8Hjq1
1119033,Qmc2MR3Avikz9qcZojibP5k6d8ZHYiAGTUFJkK5NEnN9Ep
1116988,QmWdEJcPD2P4uKDzSdYZMXK3VE6eo8qf7r86aLVoeCJ6RC
1116983,QmXFC8M3Zic5KVznrkgNUvfQ7C4sE1WQh9vqkxFs6d5MJK
1116985,QmXFC8M3Zic5KVznrkgNUvfQ7C4sE1WQh9vqkxFs6d5MJK
1117242,QmXEJKyh6AudRNqcGxy5z2kP1UoDDkH1fScLYCKeyS5RhN
1117026,QmY7oa9swcaUTBHxsiQHaVQnAibpSWiAihQjs9JUUfYWrH
738330,QmU1JLeBSg2fzLWvLcWMKSK2NtvgJEcey36Azia27gvmF8
1117924,QmQ9H45eoSeG4kQDYb9CLVzYPphZs8nRk26WVEjEBN7tgJ
100284,QmcoY53BfDewfUmZWP3wV7SweVaGNkGGXquKDFQW3ZQE9o
1335155784,QmTNibvRj8nMShhzb2vP3WbM6TzSSA91Te9x4RpsPwckcf
1203932053,QmPSjF2Emmxhk9wiGyHc94BikdiRqfgbF18a8HG8MbRD6H
590998155,QmXNePrFmZJhvMw4MiNV9o2MNFuUvCW5FiHBpyKeS1zLUY
1021551564,QmZ6dmPiwV2YX6pAwHZHGh98Z6AVSPVJEvrvipm7d3qtmh
547813986,QmQGxwGuN5LyRMNLAWPL4QFjy8fuSUgoJGX9U15JqJ4juR
1432962533,QmTCaBnc3QciDnbgty82bLo1VfHrKeCpuMay4NEM4gPxsz
735055,QmTnG8rdYMa9ZN3cnMQG8TW23HuY7ezdUhroHaJwWHVQU5
1051404622,QmYMEzs4T4ebPrNHg4fDN1qU4TmYVpwGZPww8Yd6vWm29V
1117675,QmUgiX7mr1NHKorqnPgPsjEVrTAJCeRpsL3yWTuxyawYuT
1283180816,QmfKUvSjdcMJvAnHkbDgxYWKoyax4SbG1E9LrpU7PpMbZc
1117923,QmamsvpZ9nKk2wrmsVRYeWpDLbxJGsbrBAhz3kZ3oBazJP
1735851239,Qma3udAssSsR3dYhh53EbCwvFd1ZC2MWH5yMkwhEDQA3rN
1117926,QmXek3NKVQym6KRCYSvZarxNfwsabLPWJYkFY1r5PoUJsi
1079539339,QmQgjLB5RThULQcuVtpg3pjbUs5kX8FxSACVNVRH1vLHzV
1117925,QmTbBryRRXt76qDNZDFnii5ZbVUms2SSTajeayhQtu42tR
1795997482,QmceZzHhM1nnsaH4A2jN9qHUyrmMtFWvEmwKjTMRcGdw5z
1118212,QmQoDB4ySS5FcHvuRcZGTiD5xDXRDbAz9sBGWhuR3RVC8V
1118068,QmWLUz3TSQS6mDig8XGao7WPkX6VygLsiMDPRzys5uZR8N
756351,QmQF6NxQZHzg23nJD2dzgTVX4Cryby59b59FDTUpyipyM4
756350,QmVjAJKtZK5JXMiZp4ZqKuT7J8YLmpDo1mfXtGdce8v6sb
1116601,QmScJsfpksMS6mxTQT3fE4T1jsASJzWdmcqVxp8KhNFscZ
533576062,QmWPLzMhSW3PMWEFCebDf8t4wm8vyLTzzahoft3o6mNTYp
1118538,QmZcmLxdnFG2CgVUu65wfbmfmrAcSHgnLHF5UxyrWGi1Nh
1118312,QmcsW1AsqoAAcZfnCNvyj1C1VoYef4CbyhVCugHwMdUjCX
1118302,QmcsW1AsqoAAcZfnCNvyj1C1VoYef4CbyhVCugHwMdUjCX
1118313,QmcsW1AsqoAAcZfnCNvyj1C1VoYef4CbyhVCugHwMdUjCX
1118300,QmcsW1AsqoAAcZfnCNvyj1C1VoYef4CbyhVCugHwMdUjCX
773244,Qmc3F3EEVYgvL2kdByL1wgLPYBBs8ZQeYY8TECYESNURVV
423672,QmWCDobbmCvL97qNeJW8n5EbiVo6vvoz2t8ncCFxGYfccZ
799232,QmYufQvy1otda1XubEXwqBbCJ9x4eZFxg5LsGFSURPe6L4
1118434,QmNY4dWJFbbf1BQ2cH3Z1VfbdMVuTXnw3CGvFMshwUZz7k
811219,QmTNsZgMoZEJbca6BbMrcqpGFiWipaWz6D1wHqTVkbMeu2
1119868,QmaWn25GDP1ErRDLcjQLMU62s4WSmVbMPA6KDPb24af62D
1119873,QmaWn25GDP1ErRDLcjQLMU62s4WSmVbMPA6KDPb24af62D
460904,QmfUcMqiNhWyHMuDPRNZo7yfdcxCTnDauiaK6ExgabHLiu
948737,QmemVhhWdFs2aWPeBs1kvARU8bpPpEJgKfxpZCRJCC7eqj
851243342,QmQGxCMjKXR6cZ78yUpzEBacDi8fRzym7K7Bh1ycuhF862
923084,QmdxLRLeGnqTGpsqZBoozuF5JT1uUwHfLRoH5d3nbK228X
1458975509,QmRwYT2cDPUR3LGQy8xZuSVepXJkuaF4y5iMcLGJMiYwPv
730429052,QmZtTCXL53ExmNNebXxhQoPDL8wWFmnnTf5RNA4ddW6bTS
1119629,QmVKZ9raXUrPdmcgFV2GuScsDq2hHBJXyAgvxQU39sJxRM
830502,QmaXEahYHSTQaeRJ2XNEzCG4LSk8c9t7XP3AG4hy2JJMrc
835449,QmaShBqVcTfEGJKY1Lf6mdKy9LWLos5Gb5pCLh2LcLZwPx
1119705,QmQD6amvawZLjwYNJAPzQjWHpbQqpPhELbrDsge7KYeB7S
92004,QmT8jYkRavXSa7UbUxa1LGjLDvB3r6M1iH5wEVBHaD8nAE
876413,QmamosDYWZYY9HMiEVdEa5Lg62zEAAsSR5TJ2HVibMZoqk
283152,QmayReNde8nh5a7MKMQgkskpdDAZwaVf1JACUkXCQn5bGR
876669,QmPiPKMCfo8z7QBDdSAngK2P9aj1zXjAoE89UcUHW2RzQA
1119768,Qme1ZTmauaPvCAaWL3mu8NuuTNy2jdcm43tp9fRf4wZ9Nm
1119769,QmbvihVLZXGFN4yjn5MRZTfw25Upg8MDgfAz3zknkky7gi
520680,QmUPMUNrrHhL6uiHNGGMSKuuxKPPNyNHNkUcqSfuqzcQ2U
1119907,QmTtfbAyhsAJJXKEzTriGcMVgiLZro6Yhf5vKz6wxhvHqE
1119887,QmWLSnv9bHnAeBLHzkmezCwQwaerxWtZe5oocidUbr9Dfw
910158,QmVfGPYVitofQTJpAmWfmiFG2wuMbAteghxJHDiXcRaGQL
910167,QmQFjxEPGKzzgw4Ldatgp7KPKcwe72W55TaLrL8FFufFeg
910163,QmaWEoBKejjqy7zwV8ACD918kX9isvfaNnKGRNv5CYffCY
910166,QmQ9DAe6LwYkNGxVSSMa1KTWgQm6Y8A99KwPJURrx7qdek
910162,QmV6cEADdejhWyYBaP4aWn2KHhqzhhFk1DWzvSWUWSgcqh
910165,QmZ9UHUgoYeuNmVAzMqasDBJynwxumSPALJ3KSYLJAP1GQ
910164,QmWn5ak4xgvFw4oT68fDeBsgmWoQZ9WVUGsd1TaH9v4eeW
919030,Qmc3HPh4H8Zp9LpiguZmXf8JFPcekjFKUKirLvJpYXe64r
1071044,QmShAk8KgzQnS2bwyHpfoNvV6uHSJBR9Z57gzJ1Qa7pqyW
1120312,QmdmUTmNdEq9YjDG5bL3u3k55dhwoaWdX5TFZ75ZbbLihM
1071544,Qme2iqMuuTB8rSLwnWedkfhXSesnoQEDcaiZoJR3M63nte
943757,QmWvZbwJHgvvaLrPxGZHTQj9eu8EWzjZ8zXBhcivgRkGnR
1119889,QmY15PzabT9SVCXxYSEFdLjDqAErdTCaZ5DngyZfbPHWU1
927815,QmPvQ35SpuyabXWJnW94ZR2gVmpXwPyMYk4eBTWZ4AJETM
1120319,QmX4Xe6bjYbTLX6TPq6Ug8JvJ1QDNZDeMnPjt6sByQdJfF
944366,QmYhgQ9R4X7FyfR7z2VLjAK6xkDqygoEVykWxdp4ahd6Sy
939481,QmRFRei5tMbZrzC4X8RXJmovBM2kwMgTHBvt7vCDUKFxrS
1120253,QmZGKJM8vEKESfsrFcJd7zy8zB9t7WLuZFN6vmXoQWCCPZ
932986,QmR6aC1NTPRjWxoEbMmz8EEK5J6g97oW56ygcYqqiQW5NR
968147,Qmd5tUWcJkd2RtbBkEbTfu357QbzQXBQSgH6Sg76svrgyT
961379,QmX2QvvvEQM9vHQhne8VWBCZywDqHdtozhXLSRsmBadwaL
945992,QmZpGjGDpGu3Q8zX9bb8VoWa94iwNL7FPJv7pttUo9TKHJ
1120533,QmVyXuuTzgsDRdtWWxR4SkEH25s5VnWuSf3Maa7Cta2tfw
923446,QmbY85zoKsgVFPNtCsdCXWVJDsAKoTSXHoDTQ9yPnSShSg
962568,QmPegiXdJa5Dc2pvd9arLbramenUjEBp919SqHqd4L3ZMm
952402,QmTjrio3qqKsF8DnBsBfCuLhnE4yxY3n2mijJ23pCG2Xs4
1120959,QmNbUEyABwuEvxHUhFCKW41QgP8xdS6odPYDiaN67bQxNZ
953790,QmeshDjstaTUCWbkNVXc58SQU81eMKQBuQw33kQ9qgHQ7p
717993,QmbujUDyHgb6Vmp3fF56US1Bcw5NRdFruT2TSxyD4ne5gN
953535,QmcPWaAtXrTCb7jTe7heNyeFMomXDN2GxEHpq5v27GXANb
956288,QmReyy84uijXCu7ww173788rnjAFRwXLeiFpYT9oSkg4GU
965076,QmP92JdUoqFVeaHAhHoQSa7QrwYRnkksSZMW5MoCg5GJV5
1121137,QmYJwjSM7EwqZa9NgJCtj4gXv6a76D9bS68fDVhH5waemD
969705,Qmaasou5hT5xAhwYXZScjfnfxi9MWgHKKTnhe6APhtAXXw
1121091,QmW61mJEzez1jMz3UB76g6JhzRzRuViyqiUf6SXyofYbWB
785713,QmX72JEsGPJo8QEGGxbjz3W4T24aGkQfh7e9ZQF9NQpbtv
1121139,QmPjD4HhgUFs9HeaAqn1W6MEvCNveUH4h6WKuLb3fU8XfQ
957647,QmbEqeyK19GPVE3RotNJ7mQ7AZqmzNXDSEPeSES9K9wLYD
957543,QmfGaxTiczgJKMAQVUDB8baVAG37dD4Kz8NoG4t9Q5HsPk
1079792,QmQcCkfcz3cCf6H4SXoZUoHcbAiq8d5W3vigBhGNkUdnAL
1121650,QmXjBXjRoQxcqLdNPxFCyB9HKLmCSyQAqvqfQTNnQkkTEf
961159,QmdUncfvRWzurS77n9xmGSwpyACMFnWWTM9tAgodg1Kwfb
1072330,QmbmrqUkhKYCGdZBmj4Ehdj2j5pk9dHBayN3qJmqamotP1
1072332,Qmef2fSgjLRANULAwS6c3VZ1NtNbUmoFWNZdeVEzP8gG54
989091,QmSkTNZrW6SDDXXjcbygm15zfP3pQMMi4stci6nYrxooJc
972818,Qmbh797coZ1wiTKTREyDGrztgNgNkfUHfzjMt3F29S5bzb
977327,QmbfRWFfsVpfigzA5nPEVReFkyixtPSRAjE4zwq23qsZsf
976501,QmavsNDkVGgV43S2uW6xRs4dS2TPtFgQ3irQuGtQDpcSyV
1072401,QmTJzCFQ7o71fZ5tDf21McbV8HqKMLd6cfQyYXYyWTs2BK
989112,QmZUdQ1kw7ovv9cVhny4XJC99az4J2eruDFqECPBkkrne7
989141,QmdaEh4n4TgAzde8ZAVQkFiefFnnKZsc2FNESdQrp7VPwg
989140,QmarTdoQG7LyZFNsoBBch31t9LH29ofnWxnjKXXsbWcnRg
1112350,QmTYABoHaUJYBqeFnMwSi8T6jpuAxHMkKbWAk9vqyT2afB
989139,QmUvQvZyYjQWtKdrHnHaUaTeWpoQq8M5xkSkzhdLQvCedJ
984985,QmTB3EjYVBER5GmuerqMafT92C52DeKPpb47QdUAgKGUMR
989153,QmaYFwbvWJFKSnr4agJgs3FxCia7otGXUGHpWMGZXQo2yR
984460,QmeSg9PfkLtjTA3AYfAjnz4ahiAWibMZJJtcPMBaKJXDxE
986700,QmRhSUxi8mnbRgQr4HS4aFNjJgbhmkeajfztJkn2gkwHX6
985017,QmZUgA3uxk918VyC1FDWPtTbsL7waLLuZjPnz5K8NcUqXV
989206,QmeWWwqvKowneNqw7sa4usYp2DzyMvXEfGH6Q4n1mj36kg
988519,Qmc4tThUxQ52GH1b2w9LhCL4arTV8THeg9umnM9a1sK7xV
1699733826,QmeBLFkwbPnXp2gj5RyxCeJvRQuMJdqiVXSpEGYBBvX7ez
2142729849,QmZMndF8dHVdhis8EqLk1GQxfLUFumv1An3Z7KeLq8SwnV
1201098690,QmNdGGr8xPt2K3wyC8cv9JDrStegE5jMT3HnRuj5bmXo5N
151348667,QmRvQsabFfJ2br1fKAKyV6x3fHrjoEs7y8491VWveTqWXg
1327709501,QmcSvbCCrqFu6mYEXG2RB43WmrQixFnyRjBFn8j8FM8DhC
189216204,QmRxXHZSniwovpge2a93WLhcM1Q3gx7PKx6uCQpJ6RjEsZ
273941177,QmVZ3qwHPyjDctskJchaowk1hmLyTV2ZaWCi3FcjAK6xfx
1072864,QmdE9vTDr8tbhm6CeHceJLnz73acHZPS3A3qGGuuXQxRos
987591,Qmf8D2cgZ46m9P1GBNjEoTRVZJp9TwFnFtLrrszSoPWfzi
987759,QmRJtC51qPkTQjdnGNgFaj21B7yyoGvDswYBbwfhU2peRZ
1072865,QmaNr4dRBYG34wofwAoQM1Re6euyYwcMPaGCppKrsE1Af6
227471,QmTfwC48ZdBh86eNg7GSuDDEeYBsaSCbj5yLdZWx3FQTwg
223613,QmQyDFXwXFKVEbEVzvFXUbiweQR4THvT6Zcxed56w2kLs6
47247,QmWd6hS8BRVLEcZcWwMRSLh7zdvGMRwL2QzFBUWhMobWb8
70400,QmbmfFzToNDbHpRU8PSbVG3Np4Wr169MjDCy1NXx2eVSPm
168296,QmPKru9ZimvXAoKYjvkFtKyjdECmaJ26hAHapR4cwrUg5d
93185,Qmb7eJWyewT3gZ3J8nvegEM4tTMTZkutDke13UA3n4Dtyf
180608,QmcUoEKj7BiH72iudpTaV2uN6o8cZU2v7reinp3573HTus
227469,QmTfwC48ZdBh86eNg7GSuDDEeYBsaSCbj5yLdZWx3FQTwg
213510,QmUuwNrYMKMvgGNM8FcjqipNv9omLM1pptrNjUmuP8bQLa
26861,QmaPg718PPpAN7BKHVrR1kEJaGT4PsanqEd8W1VKHwjPSK
74266,QmVW82aqwHE9kTTQbHusPDhjj6BLDN2hgXoBj86eRYVXT1
93182,Qmb7eJWyewT3gZ3J8nvegEM4tTMTZkutDke13UA3n4Dtyf
333417,QmSCqkM2sdSMUDYoVQhQkMjjejj8NtpP16iELTiSKXKGe4
207469,QmXXUSRaQ2mE3Tz8RwYEV74sqMsBX78rcn1jsADFNZjjxZ
287827,QmaZi1zgaAFtqGcRt5UensXN5DKnaepJdWKvPFJMZXHyDN
74269,QmRaioZUVcvaVqWUmpb9EPa9naTXzgWYdSm38Mwzzm8BiA
1075363,QmP8ZT3y9SkEYwMK9Hd3Gs4hRNMhWHeQWVNgECQUmfGaQd
47246,QmWd6hS8BRVLEcZcWwMRSLh7zdvGMRwL2QzFBUWhMobWb8
341508,QmRmYHgXBpq2o22DLdyFYqs94G6WTFnuAhtL7tHDFkmHdN
122822,QmPe5JYfGEQZe9viDCvRiGaDBqrdjMe8dvRgFg44MAx83C
1075361,Qmb3P5CoMyAon1PcNCpzSYfHkdSuiRktJFB2UYXYddPei6
1075362,QmWFeYYKtURuqVa58Y7jHp2XzYQfAfrxBr676SPGEsHD6i
219193,QmVjwsVNGbeqCJZgF3fjDHNUMeNsguTzDCPDcnPTRP69ev
251677,QmfWauM99ns2zvv8eCvm3r6esjsSTuzEnXjQ9HYocyXzk9
99787,QmXE9qKut33C672ptSn5ZsoEbjniD3anaygCa7qJ7brnQL
116210,QmQWBP4LRamUKdQNcM1s4J2zefjgUfGMCBFNeRDUtbsyyq
328881,Qmdiw1ETgYrjHJC9KBWQBFqKpDzfJ4hqiJGNkWfzCfuRYV
221961,QmeSJuAZkR8xSYPf4ZZ6tFcsrDLo9UndGU65KsrR89orX3
198703,QmZMAFS7Y21BpdEseuKBqoG8NH5GovuaNQeV7wNKS4ch4H
196807,QmQEEN6TuybNN7d9uJz5q42Y7NsDN4W9yCqq3qpRGcEmKr
26932,QmaPg718PPpAN7BKHVrR1kEJaGT4PsanqEd8W1VKHwjPSK
30098,QmSBi1rSg9Bph2GfCeooi7M8Tmz62tWBa3bHSM2JDt7gkr
64130,Qmewg5zXBt5vLwVqsP84FYAY3SDVPL5V2986Xajt1Me8kW
179042,QmewcbChfUspCXFBfVABkf9XmrToiNcY1FpVtomZx9beq2
92003,QmT8jYkRavXSa7UbUxa1LGjLDvB3r6M1iH5wEVBHaD8nAE
1077150,QmWgw63jM5xg5BUAnEPWdHjTchQJEcyu82tGg2XFcEN9J2
341506,QmSF9dU8heQ8RsVAej9NNytC8qwHuFFNMvmwKZU9ToGaGT
27000,QmaPg718PPpAN7BKHVrR1kEJaGT4PsanqEd8W1VKHwjPSK
315132,QmZeWeJfkuV686YbVrfYuhUU95xXWbVs6UPtNBYYzmcu3i
167901,QmTewRxGyVuqPV2rZh6KHQZcKy9F5XtVMq7ZRQtm6tNhvy
295369,QmWDxVGKeQk4XnpWUgrpGTqkZCJ19fRmiFZBLQTGbeoJzP
21656,QmNhqbCPbVyAThiMvLqrn9nUm6cGsJN9ArKDN9RMqZ1EHg
287841,QmZoiY8x89Qpg18pXm9cL6xofhwBH8q5MbRiW7DjiBXPif
1077649,QmXw5Mz3muzM9UQRBDGyF44TjU6zVT3npouXDN7EPjpYLv
152967,QmTUkjVXwRYSaRVbmWohB8LHXFZ6oJMgjQTTiLYRZY47t9
94103,QmbkcjzJrxs9Z4WdxnsFsrUVoaxLfL3ZA3tjaevvskJ9Va
230170,QmRdkWpTZDAWyhpKkgvuSnpMK8uQb3hSNHvhA7Cg9G2Xbe
207441,QmXXUSRaQ2mE3Tz8RwYEV74sqMsBX78rcn1jsADFNZjjxZ
30050,QmSBi1rSg9Bph2GfCeooi7M8Tmz62tWBa3bHSM2JDt7gkr
1078701,QmYxk68nJ3fbcfBpUsGKYE6aBhj8Ec6wiLjDVDSmHbRPhV
1079034,QmUfYQxgX6ypWvGm5hAcsmdX8He4K4sSkUGi1DhwNhk6zk
309710,QmTexpAUaRdo7AE7sebnKJ81mWne1HDshyhBFcy3BJnNb4
222142,QmexTi49Wn7rbC4s9MrRbAB1pj1r6rhA1ifd2nhdS51c9w
320037,Qme4rkQaviELSjrbXZT24jjgpfTja8E9nu3b4izpAUgPdk
1125764,QmSu8d8vZxQdv8Pqg712gzjVYkVeywAQgdvh5bV3C7YEND
93184,Qmb7eJWyewT3gZ3J8nvegEM4tTMTZkutDke13UA3n4Dtyf
280716,QmVWsVLb9TGQMB6J3YYRhaXvDyq1utKSuy1e6zEYX7Wi2K
471266,QmdfjqCRBeUMfKW8DSNrNZuB25vvRXuCQJFmmw971Bfd61
415538,QmfN88QSBYkaxZJVGdBjupaUxZeB3A1H4NQN3oDsJyiMSL
1081350,QmTRpekU1gdw94hRby2AkxWMiji1Z1BCZUYPFt8P3PYumK
462914,Qme4hLoRaev25QCdXXVg23RxJLcNvsq3T9YWvDy5DKXrbE
276360330,QmbuhELGFYqwbnsNkEaUZs46AgDZ58ense1aGtZRGwtQGt
397917,QmZVMoBoWLfZP3VzEjvGjTLLz1jQqsPsBnJEudHAs5DkVy
467637,QmcghUJdanRcUyPVuZV4qZxeYdv2kRfZeZBRN5C5n5Tjdb
456818,Qmc3AzWNC5cminxg6RLhj5smEXU1ty8MeaVmofLUs8Qe5p
498000,QmSEErCiT9nqiYYtVLZs3bdT1U5DPTUFnKHa8eCjUHqwJJ
401390,QmRsMePxqV5yzZ9P2ZBCC2T2sv9UX4FzEpm6N4H9CqN4Uo
1161201472,QmNxBk6ekno4VVQBHSXCKnbtLBwLdjtcudH7ZNTpEcFhJn
1217404007,QmSQN5hv2TXFN7fq8foHAZT9beKmWi6pF2fKNVW6gJJcqT
489515365,QmaMLAEyaQ5JERyedEQKuS5xiqCXhRRa1jankVdmg9rNLf
1041023,QmeJPFezwkt4Ub1ur9WL7XFFUGi5mgQE3V299VpUNKLS2h
1128301,QmfXUdcXCAVmJRyRpPiWczQyFGcXo7se3rmAb2Qe1DhUWG
1135500,Qmezzq5VwLeB6xtBfG9z4Fyrkpufp6egt7DV8Lbof8JtdD
1135499,QmNhfLWTRpfA1CWWnYLtNHfFXA9Gn748PjcTVNGxJ6Zn1w
1132357,QmS1sffod3MJa67pJpB5EMvmTTRw1MMR56i9GsqNEbXkuT
2820115,QmXYSo1f4hrqnHKSnHrHXiN6xqAtBnqAkg48f77bPw73A6
1488513135,QmPkDnWVzBGxdCsd4SWAGpd777HEDV4F76W6JQxFWrqTyh
1564204848,QmZp8K4y8pC365uvHM3aZSRNWC8LiVXh87PRJTn8iN7z7p
1837030921,QmbCSZcSn6Rz8v5ScnxzmMM72HsRMCNETTUmU9j7cQPGwT
1381409420,QmYEnX1AULya1dVuqc8rgBEKHGcM3NvJSYukmqkYe5PKMz
320640494,QmSB3CZLfGCqv79v37xURu2ozQcBxArw9USUgnKBrxmGcU
428301638,Qmf2agmtUdqYz1HbyZpwYwypkZeNFVMkiJodJp2ySS71Rv
1847080358,QmbRnrzoPDxyUESrpziazGhqqQ4ubHfqmtkDfE7HaSFxDN
943860639,QmYaeFvH1Zxd5yVPYLXDqyAnhUQt5mt2kpghmTjpjCNqFZ
480559050,QmZn6LvakHmdZp5vg6M9eSo5eFqSbtWpDaQUb6UVrrZwWj
2042422114,QmYu2DVfk4pgoMXCWigwwUqtRKVMMQ2MGvnTDEoTL2nFDs
288324671,QmZV7wCeyFhaC3Rj88DcwpjLoqyfG4dR81jDTjMnessC4e
620599804,QmRkDNB74ew4yPb1ajjmD8vrhuuexsETSmxtrtFKPs11cM
1351981349,QmbxUzzLQwcv6piHHKLkF7jpozf1TBymAnCiaGPQXPYSfD
2019749131,QmYz8r9TBhKjAJUPj18MU71XpaDkc7eTGFJnvJhtU4FPpp
630798439,QmaP9GEY7uTghP7G49jj6auMT5QwPuYXskjtmt6bGDXBfc
673253037,QmZKNdGPQ2txNZpADdRP9GwU78YuSJY7NNUAqh1EUMKZBL
1569687726,QmcoiM2KS9LiqDgcoT6WpDitr7xXdDEjNXjRtwiWKMEUBL
1760063192,QmeuK2XaZ5ZcRnBoGY28k8XJseze3eSyp2ZSXaSTixCUiY
743332896,QmWTQTza9FXhnYhEFBcZiznP4gLRDBRzj2ybUBqiXTYWvh
1817170779,QmPBqE54GNwtir2YS2RV5BcLiJo28GhWS7KzCAPNmFtuWo
1906834378,QmVNE5syjAbXbeDNdGzWrj7QfKJ41sYuWscsbEp4hTpzJh
1760165037,QmaCgLJksERnzkXiD8wWGMpif3ygrbdPyV53CPssj5jqAz
100824901,QmUKS897oyGXEyHYsgE6mp2V9g2D34ezPgz9QkrzJivBfF
854375084,QmPHjuSYQMQ9rAcZ5J2xTnMWnqAfTJuTfrkbckM31dm6jc
1541435105,QmZn5CNkrPf4yTTyEW35CAi7EKD9G9kW5FZcejrysg25cb
1213212076,QmVo8htPufitAZ6BuMWdavQoBc62VzXuTB2zn69mMq7YKQ
250772808,QmXeFH1pmiEd35S3M4EFmP7yzw1kATwL533eULTapHJmuV
2131820362,QmaLt1pfoV99UPwbefZmhza7Qmbt38VdfXsRdw3DKQejmB
2038704060,QmcL5orcWp8JvZ2iGZdck7B4fAKA48KzeKKcnYLC3tjpXw
1926903698,QmZ7nV5HWk5LuL8jbWneWkLsLasJJ3W5moQt4zF2XQQ4Ym
366630170,QmZZ9P6ZKaNuziLtzYJyew9n83AsNftRsCHYZDeYM8yBd5
897040991,QmbrDX9SA3uwhzLsMeodVTxQZ2MDF2LuhNezYoYAtFfSGY
1178319099,QmPEBYSdKdU6yRafToYdWmUKcRb58CMsi9BY3b6KghLVhD
946375,QmeKHVitftrhLB5fqnyTindyUUP5C18J5v1C8QNrYf1Ha5
1708174107,QmWJgpiMkFeBCugMgjgL8o298Z8gaGia7jbiAAXxTCpK4Y
1726581100,QmRDg3oYnUKrErvmS33PpP8cmB7ULgCyQvc8ftuVVm7sa4
1454357421,QmcNuc98qNoYro3kz61RQBEvu1awCBzQfGyABEhSnPgMFd
1217216286,QmcLyQFZzz3Xq7xBiUx1wP8eBSJ2QsTNdpUXsfhzjxt2zj
2108752704,QmeAKTbE5kYDwPsaVE4uPgJTMjECqbjwc9KarScQdyGLgf
1081961,QmW3BuMcmvXv52VxVmtUASPq1Smbh3KyyiinwTAmdWUDWQ
254407121,QmaTNa4DnAt4PivfGyY564dMNZfCGeGGFsMhjZCQXweFYo
1578438744,QmTM9H52Zt5HDefUxaA1WKe6gexvWNyhGGsniYTtBdEbMa
1356882670,QmYEhaEpU9SAVjJw5V1VoxGeoemMSANY9bSsUpatuXzfPo
1914445978,QmV5nYj3svesb4JWhv7HZvqpbmCDqHspsRrERfnNB58UkS
1685881889,QmbRBEvSTFpVddwJzka7ZzFQghbZW8ihZN7DzCyJ9pss2L
533656715,QmV5nYj3svesb4JWhv7HZvqpbmCDqHspsRrERfnNB58UkS
511179560,QmWmZ4F7zn5iKWXdyvMTXWMNjSMLLZeD3sV3Z6eDTmKfKw
1280140845,QmWmZ4F7zn5iKWXdyvMTXWMNjSMLLZeD3sV3Z6eDTmKfKw
1907247051,QmcQEtsLgNMXAWMuNJhnDD1mSfGZEahs2tFSsBCuoStqLW
363985963,QmPHokNcLzEeiMWji7F8TLsKJ2eqEUxn2WxiTFmGShk7n7
1615330317,QmZcGGQ8pRva7N2YZaxiS8TZNvHXF5BcweFKaJpGwzMqH2
1927749925,QmcZmHFU7MpeN7FXeNiPRJSVvcdQCmCYpmcqtGQMcUfTEz
766109438,QmScpAk42wfv34TXWQMDLJxaeCznCv8KMGFKcbDkdwokTx
926973925,QmYHxa73n6kJ8A9o5mi84RiNsPiNsZcGSLF78XpNMG1NxZ
1928530560,QmZMTqu9Cch6CEMgyJ6c2MmzxdXaagxMTkvvUPMNTR3eVX
496855717,QmY7FMPcJFEazubphrbEzmfjqyBmAEU65QZEPVUU6cK2VF
1999238702,QmdXzokrQuZZtGHZxhmr4NKPYt3k1DuG69ocL1c2Ynv16h
1621140272,QmYWYmJUXYmrqT9uzX79rR3tyrdwKVdEjd35ijG7Lh3J6y
772966068,QmT9LEdaQ36EFdeywHecEKSfLoDbJ5B1AzEQZgUhY6nDZ4
55546617,QmRmvKtffw6qxQdymGCZx3qVvrX58dZrx3B6mkgSGqQV5v
2134525680,QmYSws1LeTXGDgS5XN27L4ftgDPzrz9eRsUTHKJYriQGex
1487762986,QmbyCrbkcgvMLqTLAXeqefoNq9a6dA4aA4zenkbuFU7qCb
270066662,QmZ2U5umjh5ab8SKkvjngR1F32fiSfiZA2mNU1dfTdnZ6k
2087733202,QmXDwKpgePeWZzxMyVPykgjDfFYeoZgEdchSBF67dsxND2
1936643681,QmTMVAB9mH396bZk3CkyySJtw1YmwKrK5mVtNj2gCdFvEz
1845249981,QmdU7cEnJM4nPtTTd6VfqMGJqykCWRsP6f1KLhYieeJ7NJ
718805696,QmTCCEKMdyq2WDSBSXxL3sLgAAp4ayk1W1pbmZRU5bpXwp
412366124,QmNd9aWuJr8FtmH2DDkdFnkLxH8HswdQKu8AnP8Eg5zJ29
606153203,QmTTeJSLiAPhwkPyhwKvKj2tsLk4hK4rpHg7fYMvc8se91
1704636347,QmbPh5xaBR83wHf6yfuxwdixYggACJvztYjvPooCmTAXXk
782071833,Qmc8qkigUQh2xoY7VB5z2RksXKSVQ3bA1svckzpQdiBKV1
1214731008,QmdRVJgAKQ7borPtEotJ9mJSnJoCt1cm9GfgXJgcEaA3sD
604051395,Qmeko7XMYKTEi99cMwepXqTR79SVnf9srWmrJYQRzXskog
62359113,Qmca33uMWuVusJDTdJ98PjHmr2miJxQSLDUBz9W16C3gM1
1053022701,QmebY9MrVRBQkyWP2pFbAkBexoxUsTDY11z2CFQJwkugp2
490156791,QmRC1NHgEzLN1aF2scvk3WC4qNbB4xDfoGAB4xT8B3srnw
1269622006,QmZVJJXz22f14e31uuSXZDvuqCzQAMUdfhopdCqLpjMqL7
1692702928,QmU5wrafh1jkRKqw7tcqpRLy1KRLYPkQLMkGyhkYcFRDym
1736842132,QmTkqSdYT4KUSh8uhqX8mSevpJz5Enh5cvou8aiHGQpuFS
25194992,QmYnFttFppEJturjry6KC5ERVPFMydqwUoEcXLjUQiTbng
1899899199,QmbP2bhudJi7Pg8RZpWFcHB9zEH75qEsX4e98CngoBEcip
965267057,Qmcz2wA8sNgcbp7fbeFeMhXuKViZfvsSWiTniNJ2zRSUJA
964110257,QmdDFLRe6rwpZjvqZLWwNhFzJzA2j3K7iiW2eyniJTK3qH
3861197,QmasdKtgasiZ6K5zwEJYha61UHV95C364Buy91xnW1JaKn
1421255748,QmPkzEzAjqHbHyLPMCg6cRTifWfqskFaThkVaxqEe6J9kx
872922216,QmVSx4DTsTjBKV1HQsJFJKLu3yamupasd4fgwqFNPKFxDc
1975922489,QmWPJUMdXt6R84KLuwiCnsenCaJXoPHR7Z95m55hgjz2nX
1051518685,Qmf66qRkwgH166mzhooqShsd4Fj4cUNsmnVPsRheQQHBrW
919809971,QmeC9BjwK6XsiTJYK4Na2az3NHS7Yj16U7XmEWoBHmZsAE
2006891065,Qmd28m4xHtMJsTV5w12i1YftQFosDF8VCnQaiLs1n9GUcm
695425718,QmbQZSVYniDVbKWrbtufL9JBM8NErXYXr4yWBHpR1Wvdtw
231775441,QmbrSJviKTNK1E5ZJSGzET4B9CXcki9RFZPMSYSCV2HKC8
1845745483,QmS9BvpXxoBajBkvUA1A5YEbh6UokPe6kjcJq9Rdv4MA5Z
1252142738,QmPouRoP7kNY9q2nkrR2fXJLFKm2K785VUJSW6TPzMphDA
1693851455,QmPsd4px9YZXUgvYQ2BnDJ62EfmmKsy4p6JrBTqh5FX5Dq
1744722982,QmVXDpmNaV8uxwZwgZHiRAxNv94kQpkBPvrJqpUfxn1Xh1
2110760637,QmP49ikiFJh3ikSBHUiAi8Ww5RtKwUDfYHJmMzZjRu7JTd
636378544,QmdK2Zw8WmUGvAC6q9neex8XNvF2nLYg2jw899EMZfSzya
1414909983,QmZcBr2y6M8uGK4r6kk7VyBPLGTunNr41N7vY7rfoeTKDQ
1036067285,Qmd3NqqhNHJPhSXLEVs8Z1F6w3D9VE98e8HoXBkF4SPdnk
247847154,QmPsd4px9YZXUgvYQ2BnDJ62EfmmKsy4p6JrBTqh5FX5Dq
2078967960,QmZHxqkrMTkhxpDdf1KjBiiDu5YF4kmh6WLgDpmXxcPdHm
903599415,QmT87Y5z1n36pKVvijuWF1fd2aqAcQqoqtukQVmREhyZ7R
1299958588,QmfQcehZ2jUcpquyQvkrL9cw96bUhgktSzbGzYyFVRkw2t
1498764234,QmdUMTFDmsEiE22faxReEBEvHKXUECiLkhPtoXmGEfmDNs
66095365,QmXyycZKwcq6Hcg75cBjERrZj7Jr4QXXbcR5Y6YuwnkPVf
171464652,QmbQEsai7o91RynfAmUB4K49zxf3hGbQ7kJ6kU9GD8SAfh
576662876,QmXsEJQXo85XdtYccCinjqBdAuWMRxa5SG5PZD9zn88uQC
2077236279,QmNiccueceEfg4qczb5wMUSYdYhA7RPyRFrvE1ErVBFdKP
275643880,QmPiqfXvYj6XnzjA9CPLog8CYLYX98ABNKqAuyiYzG2LoG
785419904,QmeyzWn1seKCM9wwzZx13Zfo6fXSUQeQPuq7TAhmkAub3k
1733925804,QmZavXA7a7W7LazTF5APo1UiBiz1VVsKq5JwMLx1odhCHP
624705341,QmaogV7UJD4mzqGErA69VQMebakHewbAHVDZKgYj6dosNY
408004299,QmNW4ig3LEnxdrfT5U6eUhAEjpq9H3rTJTCLDUn5Yn5SeK
1119217761,QmQZKkugrj44V9u4VFcaf6XLv9Zit8jm9DpoCKEv6dKm29
1806541336,QmYHam9JpcodS9XscXgyB8cNTTeRWhV3o6QtwqH4gwVECJ
1451621546,QmaVJCuJKSW3XzX3ZysaCUywk6jc3GdspaBKLrn8XsPNge
1049404551,QmdfK5rPYrLFqWjArMk4Buyr2NJEXqLPumkjuNYwY1VrvA
9886559,QmejBDkYdCrH94JFxa9gZXXiQYfw9m8L1CTDMJpDipEgDW
1801153634,QmaQ4NZ4rQVdPXsNWeXRED7uttW2EUkuHpFGje9sZc8kwb
821418044,Qme6oyVP18EipTKcmRCNmxhvY5CMj6QqsiCVt1BpZMPgzN
1253162973,QmPHZtSzjrGnfWXQ2rE2bdJtvevmpx9CGf7RZSh3ot77gS
1360128873,QmXsqmRXMDPmbEZeQeBjkDiNkRqYphuTNMEm5moCgNnaGk
1026265733,QmZJTVTUHx6VnCg9mAkVCqFMMqGLteuhgViHbfSn96KVno
770142220,QmZpesQV6icXELPnJEmCuUnr9LPSjNPaJBFvUsFhSCiGim
1736187322,QmR1NSdA2a2ouPzZNkNkyYbZG9jrQTumKgCyLcraa5iL4j
271638563,QmeEZUUMe6E7oTRY9hVCut4T3eUZdmxkdTV4JWUPhDsRGL
1499460975,Qma42xdLNRFghReZin3oT8tibju6xrJ1nNYbRJadyz7BBc
367205348,QmSFUQVhkUhKmkvNGBbg9ZTKsNbWQjodqTvbe9SGHyzJxR
1796401128,QmabR3QeWR3DmjnSdoYmZYr14xi8TR9MpnkKepPFW7w41D
861675213,QmYPuaUowfmAHrhDhTUF1aeAkF8Yfa2aWxfoxw4H4jEHDo
1696055437,QmefDqH2QgWHdQ3CwWy4KwRbVtR6xJJsMdrGTrAwQUqGcV
1013546030,Qmd5HumGcDYHrpmgZZpwgGtnKKTcPXPZ1GrjJ4L9prrt6d
1328864195,QmamobkQ9Dp7UrEqnpgejRRAovaoDQ1dBBgAqCfgcdap5b
380972153,QmRGXBaAHkFcWyHVd88NBSJA6Z8fzUc9qGH92hEZAi1FSE
1372288377,QmWK3Mfp91vCZyp4c4EDcwuUEH2p8vgboHim3cmeeprzqK
975424163,QmcKDBr22iUBKamt9BmAMYXBEn2ue9ehhBMBqvsfNiPJca
1290707970,QmcreBQgaZ571MPe58puUFNr88BXNt16mjDjEX7vPKFqr9
1383507880,QmVdVWpYrtNQokbo1phD7ijU4t3wU6SvTezWrEJr91aNF2
672175558,QmVkvKCx5CTRuB7SGkhN75XpK7ZVCKkAL5M9WgqW29Mxtu
453438411,QmYpqpAskCK9mcm39khbYgyEPArax4ktMhdg74trr4mHZp
400166486,QmZbwp5mEPRzG1N2KgWP8QM82YDcrdKqPePRifghKd2kJW
695542013,QmSsT6xqhFQHYwXvcWN1iu61KzomxCaBHoFoUrMKbkWueV
909441331,QmNxrm9HLyLG5ogEsLtCPZPajsw9Q5LSnsEqbyqqPdEsnP
20186801,QmWAka5NS6Jx5PHqGT16Hrz2QMrnPC5mbMXTZqSDyodEX1
1350744042,QmXLy2zFipGyBNCZDwNSEfwa95qa11tuw4U3prtxShiyCP
1569782992,QmfBfMuhgZVt7u5F8XWmXup5eZvBEJLJUFv3WLCQyD9C4r
1781165972,QmaFdD3HfkwVGf3K9P24YERmYCi81v9h2e8DUeQrvxpZQJ
1332462420,QmawNUrvuiMZtvbceFUUpdYqVP5aEfjLGVSuVRaApNCS9c
204748230,QmbquH5L1XgD3DxCFeaDKpNHGnHGuEqLiG3vv2yUBfiKtE
1403116599,QmUJHKEJrXFZupfL6n6vbatKS15ZcVr3jFzdct3MaG86aA
1058366819,QmaraxSwtACqxidxH7RLWSgsNdwtz1ADZjMzd2mqgtBkWZ
458931601,QmRVYDrdhUKNFzkXwyBdiZ9C62C1u2bYdkAcLf9JWzuBnL
1572248670,QmRKtLDwHBLQAjFYH6xnVMJ2pBX5sRw5rM9VPWCqnHActx
1119667602,QmUiUR7WHXZ7fG9jqTgw2ABW3DQKrVfMjEqMEG5nFJ517q
691711458,QmcnmVtkxWEwqt8zx9Pjesx8WpGG5GhEgsfvT9ct4ofJGd
992687550,QmcoDuiH49Ug2nZ5a9mzSDMzMmzegL7mrn6BGo33gCi3D9
1335027888,QmXowtwPgSDvQSZByrCqiyg6vvufqye31xwKSbPmuHLmbm
73316680,QmamDRuWA3iNTmMuSRTAobh8fGbGHaErWirhTcsLbBqhDt
684185198,QmWXpkVYnS9FGwqq536aQqWsNSDjP8kvxXjqRtg7x6z1Mg
2111392605,QmZjADWELJiQmYavzRjbRdm4u6YWtiJtU3VZyk6NhFrD1w
1310032830,QmPJZSYtQ2TwQvA2Wkgr9nnLF8jFdMmxReyzBLKniktn9h
800980543,QmUoFAasdpJGxJmfCDpwWDsyHPhQT9i8XEKC7NHSVPT8bx
2104344244,QmWDgYA3ZeBchu1apvd4AeUxD8yhnUdKiaexcxrqTzpXv4
633895185,QmY4mKCNYTrWztqD5ntueNDRMjm7rgjg23k5JZPTSEYRmS
1499644711,QmdrfQqkmXtCE9UfUrcQzNUHvZzDYd6qsxLajwhYcmsBca
220849514,Qma9fpnqLhixVy4Uho13BrDWMMMMk1nuTReMh8Rn91aSTD
2052451053,QmQan4rP6mpU3PzrVsKfJv9qF1QBa7i4AQMijWjVppmPQy
1544239456,QmdMQ7SPzX8zjYRFTWrQnfCDeMmQjuuz37mh8h37MbmVib
1170829146,QmUZQ9vZppAPCfc8pVGdenAsT3PEthKYb4zuji6Fufc2Rh
1516118761,QmUQ2z5NZHfog6AK25FnkuTLHa7EcyEZx1ZKborNYfFBaJ
682108387,QmT82HPCdKspNDA3M7kf9fr3sRYafXK5tLNXjnkH9PhKUx
765580507,QmU5wrafh1jkRKqw7tcqpRLy1KRLYPkQLMkGyhkYcFRDym
495163170,QmP7WXfNo3MnT1bXZ4p3t8E24EHPD6DvjZC9vcigvxghGt
569640670,QmfR1gscCRWDCUcosjVgP8G9dEVCazAsVPh7pk7FyaQZV2
1378673209,QmRiGsoVNFQwZe2RNj8kcESmjS6k6rAVGMVUdir5vEBeng
1429676302,QmUcS8ZRpZZCDhNhaW5w7Fb1V6obkBehmhEZY3c3ZBbGE9
845030166,QmPQ3UAFbDozxkScoF7vWnPTkiyUxYKvkqqRF1e3fuEhbF
1296767574,QmVnoBRSm2qnYHUTaRSL3EnQgTjjDRd5HpYw7kgPNm9TM5
1019750968,QmT3P8E5pjRNVRmVzSnpmkjowgqBW7BGKUHvtofT72GJVw
1938950730,QmddwfYyu5YmRkivV1Kp1cSNX34wdJi7n8SxBdiyMseBQh
1723706058,QmPe3pNqPXhCNN8gnWzK3pk5iteEmyd9PkfxWhvsEwQUTF
1891653221,QmeRdMQS4sd2x9kjZeFPptkfPiEquRkT6rgWphnjJEtFLB
1640131317,QmUAC8ybfuw2cJY5irzmwM2c6dxntxLcMD4RUDc7Z6sHxR
1147657660,QmNsbn1KUQijapSppm2Sf7vn5iPh88Ae3gM3QVEM3wBTEm
1881579372,Qme5vFkNyWe5Mut9F834QNk5vwKq6Ji71XGpx78YukFWWZ
772092630,QmPBPvgU1H2hs5wNh7FTHu6Sfhzj2kXK8SDDsT16FieV4f
1903194728,QmP5ggSWT9Jpt9MvEDhLQEgSmBpLGFo4JALR3JhxJnqk3x
1735064341,QmRv2vZXu74C3QupFJ7SVKZ46aEizdm91rAvxCiGVG8KG8
1745882944,QmY8PgmFW6SNauUXxWz91j5Fo7F2hQ8MfyiNagAMfaZu3e
829355273,QmQJ51kVuagWy3eyCA7c3jbb7QE8BfMVdq4ANh5XTVuEdo
348177432,QmZsktkfzjSXB3WgwQNbmv1VA697YQuWBr6tg23Jciphcc
887880801,QmaSKBUosRek6oawi4sLDWFYXQ1JKkETp9ZhYuZQK4dKJy
981250762,QmVTZXQkgq5E1KhRvu9fXBPQ5byGEKrmGLzceuBEZVszC7
1742760121,QmSxaL9Uoy88SBgsyZaocJwJGW66CJmzmwhuzeWHrc9QyJ
825734206,QmQwsEJHEdEFmjr2tdRga41boZoRBSQxpvSJciN3qP9DhU
1770499563,QmdTMzfmQoMjM1oG8r4SgHpKciYCvGqrWr69b7EH9p9cKE
39518715,QmWvP1Eo8BjAc9HeXzUyBJGP8XraPZUw1WGtdEn6Sr9rSM
240359726,QmNs1VVzvVwiap2RPYze14tiEuSFuymypGBB7XNEaBQm2Q
374748295,QmW3o6LLqjgFYaRqptLA9zCN9D3ULG7gJ2KKr2EpbnGjNN
1349984112,QmbMFNFdVseHPp4JLZtMeDyjcCLYxiFPo4BvWzCcvETqcN
2088986799,QmUuG2RNw39MdvEpNZYzbQa2jMRnAtzJbJ1BGLqaEAAiU9
1933306507,QmRRvJKVh8Q7RFYPtysHurShNGAue4jv3Ma5y17RCbukyM
1057976316,QmSmAavZouTpsYGh2Cwx71uwomKsd21w8FUReK78oa7zLc
457143509,QmdGCLjRkaMYbTqmXTsF1e4ne9TEiiPbCvL5ywRZSEtyj1
385940752,QmYQ5jvMHjJvnvNxby5dYfXvQX2UfmRVhpYyaE9gSdvanS
1987532668,QmdMo5nZEcEjSgRvh9yt8K6WNDks6AdudJEZqdeDP74GFW
1006479776,QmeHCdyEcW4ktvh96qBxDagAJCdcfGzfaUGUpL4zbfbjXw
264711156,Qmb8f5LimFC8J53VGbzi52Bc3kd77JgfVAwPmM9EXFRgQQ
1984084874,QmaRSzuKY2rdQiGizoGXqdyEJzepDji7cQKUBRVKnFPgST
699338752,QmfPv3FVJbjQrTG6cgoydgsvDWETTj1vNuEWxojdEKDzw5
1031155479,QmNuorz3pe5yg5okHtCYmixGuCdTD8a4N7dq1zsafkLN5g
664594632,QmPMvNZMtEJNNBKc2WWCtaThUDdseQErYmEAA9rCxeehFo
2011083005,QmcLnQjfRTCgFqHczBNQC2yss5vSjKYRVdas8iauNbaeGe
1134150852,QmWBWMVZ3hHPkGENQoGLYmkX8MM9f4vaXUUB9N9CVyYATq
1691274820,QmRydZQxUrCXrQmn4xAhiKyTDU1JXnR2ybbkZtoVeKYzzt
634557825,QmWVtjxxDcnJojaV4iQY2A6YuDoX5tFMYWqNa2HkpBAw4J
233329802,QmULEeS6tvkzSrot4xtsVCeAxzcTGhSoRMCw6Bjj1kgbz1
1944344174,QmdoCeMqRrusazDd7qMBCQRiyqD7SfG5eCzepMK6w4YJfq
934287607,Qmf6B3zdCcWS38sourDCPBa4ESQkpnKV9y7vwSQmoyAiCZ
1393002405,QmPvMan6RRttdCbEcJmnMQnYNaMmVmPSDKXa8fRWQqksZ5
338451891,QmXk8b9By71LUzZQNrRMGoCkhzFZy8fQ7efQfnSKYUtNjh
933478974,QmTcKyu6Z491xaDWdTN3esm5Z8PWK59nS6ve8Zs4FHrRSd
932163095,QmTdn2u2GGJ33kqGiDYRBKfm8jRcKq3bumyzLBH1eWPKoL
1476791568,QmcM7csAWMPTtkVCmzk2pfvJMLJrAUMRCFRVBdz6rmw3CA
1217011373,QmbcFTU9nE1zYpGWEmGBJg27A6V1GagBanZRwEyWSQHmh4
2063055363,QmeaHW4uSkxuAq8VA7ygUAzMfyiqWE92Boa9uRej9s3Eyy
1299763087,QmT3TJoXwx2CEpDyviY3WMdXUvcniN3y71312uzrTY5vNE
997948382,QmbaAPZU6A63AAhBJkG6ytFyXJy11KRT28n8Yc3hfJxpgC
1700747434,QmSSehjAXQQfpHa7d6ABfBqPmUveXEiaFfxcEoCoXJoLJz
1031264569,QmTNic9yCpTwJMYx7WEg53PgUZy7T9fi1B2tRMDGLr6XYj
1309081323,QmWNE6cdN3kLksAfcG84FN2fffmvF13qqRRnvgDQRVDUAd
1554685951,QmaZANoeV2yDxLd19o9PHo2uEiyo2QomGG5inMbEJK7k4N
1052038259,QmNnqPzuNLfmXebfyZoAcZ7FcNNtcTkUh7DHdiou49zpT1
774687086,QmWmhdPbCiqaLrC2pZNHjfMFj59Wm5vxETK29XjUKeSmfz
1717303778,QmQhLLq1LxXWZwjp3mQAp7mZ7XLEAJxqZBKMUKPpMNquzt
1380785285,QmVeBse56gTCP1SMsgbNP7hiNiVeeSQuFWXjemgPve5sEE
1092452241,QmSQFZkTc97Gzobs8cQWC2exZtLAzqybU88hfV3EtD7vGk
811513248,QmfTjsEgZFYhqHeaJZsJBXmdKVN7DVuc9JUg4Ym56FkBfb
2108408138,Qmd67Uu5PwuRK3yaEiwykhop18J4EKNMfJ21yu3738CxTB
258902869,QmQeUXiA1GQqz4huctn2PMQEtGtMb2Z6Dp5ZyJFkgsei9Y
930817257,QmcdfdXQZ5udZaboehDTTgTCa7SYboZ3Wcv22Ctz7hLRZ1
1635659484,QmRCKxsXUJfvFoX12AQvS6s2en4p4CeoUFrZTT8Zd72XLD
692167907,QmbD4JALnpJU3b3xJLH1AaHdKsPXbMGTsKHTuE9AyZZnMB
1811276116,QmbvupV3ffFed9fBNip9N1h5fXTkHDMF4KvTmKU2796oZG
906583531,QmRSjbWuQnNULafGWbeA4vVDGG9cDfmo33jGXXoqNmio53
1742492807,QmZp4Z7netwuK7QpQPd7DJhkUVrfx9Zhn4da1rcJmkrTxL
1497362611,QmdDtGR365bENGBGbPfgTVFGXJqC72qABd3hAGRC1q5xj1
388901,QmbRWEUahr1kqDjc7woJFtgDCjRbat32UvFPtM38XRWZoy
480282,QmXtBqoHdiAKz71SVxHFCMuMZTUkizj2fxpTMNzjhJntBr
396795,QmPvid4Lvq5xtBChhyrHLN1jd9XHauy7mU3VLGFD3xmkda
2088830404,QmbE1isw5SyuAPfQRA1bmT6Dz72WjcNrzkSowwRGvQ7TQL
482091,QmR75vqMzuiHHxh4EXna8deS4CnpQqoJ8sY1Rhf5u8jwFh
980107421,QmRZsVkfoP2QsmPivMBwvgT1MieMFEY4epPFQ9AWwGdiMC
1949622166,QmYHLgHeyPGY1sUoE3zzTBFHNu2tx7rQPwp2H6yC5rU3fF
1683574250,QmTMisecznUiTu9gTMbotDZkcwMaSCWxfcMuk4vusZGnsC
114023588,QmQmLMm52ciqSVJbaDa7WEc74eDS2Sp63BfmzBhox8kxkj
1136986,QmX3DF5vwD6M9LVW6gqa8hTm7io7mDv7iQBTJ4m2P7vtwx
1136987,QmYidw5d2rqDeogfhkCGcspf2mSxeFd28CxnvrmBeMakZ2
1847946921,QmNPDLxXQE5mDdvuFKvuvoLSFZC4T5fx6VKZyreQrmXjks
2008796378,QmUPkYTxQFAKCMbUi2ESo7MNFfNWHDVJfLnW2dYac4C2y5
1630797587,QmWbzzZhtU19az5vGJNaVctSRP3rabgXEBUtQfRQZtnBYa
625040795,QmeH239yuQGsh92q8Lr4s1c7NUYcALLUfXkMdymws8r8GP
354240,QmbHedFpYpMFJpKaeumUnQfwgb7nXmwETaDjst5qEAEsKJ
1079059,QmPLGm5EgmAozBQ6HRZzQYKEnxunBCV48kNkfUc5VxBhmS
1725016551,QmP7WXfNo3MnT1bXZ4p3t8E24EHPD6DvjZC9vcigvxghGt
460902,QmaYtkDLUEYgELkED7taXroSjuj1zvkowwEUZhxwPWJVH2
482092,QmY2A3szHte3e1qduSfo6qHY2FzcA25h61pGY4emaZU8SL
517351,QmTwUdd3WpZ35HGSriHR1TgUi4z6b6bERXV8LD1iZrJfZS
1241933025,QmU4TH6oa45M6VwS5VomqnBbMTqnNmG66Mer8cEwhnFa89
30029,QmSBi1rSg9Bph2GfCeooi7M8Tmz62tWBa3bHSM2JDt7gkr
398649,QmcafrCrgNSJn4Xp86VkUqG6m1x5RCAs88FLKYSt1fGdNq
1638936701,QmNcSFUYxyHPKQuaAWMxqEajYQAA3J45xNFVdykRcgUMoL
400819,QmSPhYxv6L6ZaQY2FqA2g5mP4aZrHBKwx3v9c57TgRdgbC
467639,QmScEp455ETE8xSr52RywssAspKGVxrcKfibNFpaZqRuvm
467638,QmZtCSsWFzQBucFrHuezQ8BZJ9UQpvgEjEupqgtQpBRiiC
480279,QmSnFTNKG6pJgvtvekRShFS9Xdpboh1oSy5YmutWvmwJ3H
378215,QmTsieQQeJoAw6y3Mmz3423ZHsA7vGoJhUDKfc5GL1Rv9v
402237,QmdqC427J7fLuGMWFvHgk2mjmdCv2VRkoUw5Un1tZjjhMG
486676,QmTjXE2qhqkRar1tGC77shVfKiYUM7ZGpuEdZun9G3bvfK
443829,QmZXji8ijvEfSE76NuDAVj66YgT6rjXWpvJ9nKKdwEzYiH
461691,QmaYtkDLUEYgELkED7taXroSjuj1zvkowwEUZhxwPWJVH2
489521,QmYHQbpNh8T7qgarcR6ZGXPUsmDfFkio2D8zTMerB588ps
461693,QmRRn8gzCBJcMGbkVPAvH66cyR7xFGuVjinuwGD8j46kfH
469051,QmS1TpiPruHjKpexdzmHhzxsVVyVMW5DsUgD5soH2JHrRQ
371394,Qmbq7T3CMgTd8GsvG2yda9fYKG9xs4qXhNRSDoAM4MLzCn
451890,QmQA9oES1CifNohcBbASGPpcGzvu8WmQvBXzZDmDocYqzR
461692,QmfUcMqiNhWyHMuDPRNZo7yfdcxCTnDauiaK6ExgabHLiu
404910,QmdkigkdVGkw9RaNGevxoV3fE6v2icPr1gxxmh8jT9pmDH
489525,QmYHQbpNh8T7qgarcR6ZGXPUsmDfFkio2D8zTMerB588ps
398648,QmUu5QEBKWQeTUHS79SDgd1p87RziXs3zQBWb7BQowpY1B
388671,Qmcwzkc5FJBsVVTVYNA1sHJbrsgkGNekRm4paN6YfWAeVt
431486,QmR7shoSAqr94WuCeXAg19BuXzTWKrAMWcEvWLHp4YqnGE
398656,QmU6FDyTRoU7uzYTaYi7dVX3m3HtaYy3QA2gZs6MXZ3NMH
426542,QmT3NM3WGDaYR1mFyYTgNZdKDQYmGMXSGYTbpcckqC2U4U
412247,QmdcK7bvmbfFHWa42LUDC7YsEjHFeM7AXfaUBq4QGomMC5
361668,QmXk1JYA8ZsEXzp5MoMkwx8RQPipFTg6SuLJosiRZ9gyhX
480274,QmVL8XEPdbj9D2kftCb5AtTormJzTi6qtbFYMWpmrgnM9J
437216,QmVo4CiGy6M6ciVWYYUbwojFznvxjVyNptZ8yp1dkQK5FF
428851,QmQvjX2DUAC8KpFysYq4LuZBQeA6F8XduG9KBM8nmv88MU
460903,QmRRn8gzCBJcMGbkVPAvH66cyR7xFGuVjinuwGD8j46kfH
483300,QmWjoYwGVRyKx6GSUUH8YKyJEiVjcGKpqf7R9FRuG7WPVV
480269,QmTEbMSRMbW1y6RuaVjGoiUdRkcp7n5N2fjPb8G6jqQzK6
438889,QmZj5C8Ve7UfbRsQKicpFjmEAQmF1DVP93e8npi4VyR48W
513135,QmTwioKAzBEPMQtcS7wfDE9GGHupBJifRC34EoPhDjyC8H
388652,QmZssw3XYohUh6BHPxLVSZ3GSp1JSEu2PWMoM5iu2z15C8
462915,QmTNQ837VNupAK5rftDLUSnrbZncHcJK6ifZmY67eyRhU7
500165,QmRoHvdax25vos4vTAHxzAWnboLiSZohWMvXFZaBvWGdc9
412769,QmaM5uAhC5dfRaoYdMJWH48WcgoJHULH6V3KnbitqvP4hT
268902,QmaA1uo4RwAGoXckYNrsQHgm5nnkyuYiyX2gvU4aJYYsSe
123317,QmceW8L2ra2yjHkjbemvuunJv5VSH2gHFG96uPfZ8QyCJQ
91969,QmYAE323Nrj1SQTAvFh5kzpVqiwrGggcAbeyBRmhPw9ETF
271088,QmUqvpZ7tFuKa8TPQGCNmQeVxxh2dFb5wKP1bEuvPedNC9
232532,QmXURRJat3atN3jdKEPdQqvJB4ZC7SBbbJcwSBedPPUDCD
247568,QmYqUuQoZ8gD9bVqNqLWwNQDmZHWMRKZj5rjdCbLCvXCXb
91478,QmeeExcw7mr3iCFKwhjtVHMUayZa3XyLt2uiRcH1QMpBi8
104630,QmbDgbtAzFEY2NywCyFLNZiErrf3C3WMeTMEmUebUdgjZc
113149,Qmets6oJjebJdEFT78ruoEY3gDDCVKQoMdtYsPGxPpeGBi
333366,QmSCqkM2sdSMUDYoVQhQkMjjejj8NtpP16iELTiSKXKGe4
198862,QmRTXxF3cnCLqvbbZBnroykEiJJst9fRhquLUpC3L2m24D
115715,Qmf4kEu6ziZXW3Rh5aX7P1UfUdQTVZ9w6em3bsYQot6uy1
221978,Qmaj1ZftDfbbSKzFZkzSJA2NYvKRW6FndmrRqNpK753arB
116007,QmdCPc8QiRgiEQTm7JZCPtCtPznBvrphYBBKCTV9qsqEf5
91753,QmYNgk1hFFs1Yxw7fQb6ztx4ApQGMNaPU8UmjVhffU34J7
266270,QmP89syq4weLYn8jRCFKP6FP3XofT21HkSWDx5igJFKTf8
266271,QmP89syq4weLYn8jRCFKP6FP3XofT21HkSWDx5igJFKTf8
26866,QmZNcVxXavSKRN8KRGwngHkFGBczSyzaukZSBVyUmuAynm
211327,QmVxa6rceeLHY5xyEFKsUQtbZ8YVhiHtvfBSAiKaZxvWAg
86385,QmWzQWVn6wwkWyLYu4RZW1LcmtZZE5Xm9wR8hF3pmuXwDh
222760,QmQYrDo4QnKykqKPptKYhddC7EWJnBSK2pLegLb5W9HxWf
285340,QmeqqBk3qZs2toedwhZgsd2z9U188ZEFguyHhSGsCA8NjQ
272709,QmQWNtkWxvUeUjyJXzuaDcdL4YbcRZ8LCeMVFwNTBnDjUA
116154,QmawHbUWEzENRFqniyJTy8Fe1GnnUBC1eFRe1HSnjUH5uB
45550,QmcfBwSc62LtUWN6pzu82tFTcfrmPuoYcdMhEMV7obJ2j1
46829,QmZXahxV1jN5drp6f4T488wMbEgyDtt1sBwey6PfuGELXw