handle_lc,amount
collegemusic,27906
wuki,27021
cooprecsmusic,24236
trillsammy,19776
skrillex,16445
alunaaa,16439
3lau,15758
zedd,14786
disclosure,14578
katoproducer,14381
bitbird,14183
josephb401,13799
kitaurasyuji1,12322
stewartx,11388
maekimaii,11070
lilhbk,10678
camouflybeats,10411
alinabaraz,10117
kennybeats,10099
borgore,9712
kayzomusic,9391
mrcarmack,9339
deadmau5,9120
masego,8988
goodsociety,8786
rac,8774
irradio,8123
jumpmanntr,7938
brokenblythe,7908
chillhopmusic,7684
kutt4life,7646
noodz,7220
odesza,7170
drippieverse,7155
kissinginlove,7146
kumocollective,6546
10dv,6444
madeintyo,6293
xcelencia,6129
dreameaterism,6021
teambandl,6010
boyjugo,5974
zensupremacy,5884
arifvip,5841
phuture,5840
headroom_records,5685
dmvu,5674
dillonfrancis,5586
cheatcodesmusic,5568
lido,5485
rlgrime,5432
sablevalley,5326
lofibeat,5296
broeybeats,5282
packrecs,5238
edditter,5223
connorprice_,5185
dvechs,5167
eime,5085
ljazz_beats,5083
blondish,5055
syntheksizer,4891
hypertraffic,4884
_fatnick,4769
ollieraps,4764
brentindavis,4749
uezuriiwav,4725
snomad1,4699
pavelduglas,4586
cribb,4578
romeinsilver,4551
lookoutloren,4539
alcynoos,4407
unlikepluto,4379
hasenchat,4378
byte,4359
fuxwithitblog,4353
tomhschmidt,4342
1w_u,4303
zedsdead,4264
zunapalooza,4231
cletusy,4148
destinuna,4129
officialrezz,4057
crassonmusic,4013
destructoamf,3959
kayremix,3900
harriscole,3897
lc_odyssee,3897
xdmrecords,3847
eazybaked,3843
hi_mija,3818
iration,3811
starlight,3797
powfu,3758
miquela,3754
milkz,3731
6eve9,3728
purrplecatmusic,3725
langvmusic,3708
chromonicci,3669
oshimakesmusic,3653
makzo,3644
angelbaby,3630
dirtybird,3622
capshun,3606
itsvincent_,3595
sahtyre,3472
aarrkellz,3424
slowheal0,3419
uniiqu3,3410
warpsound_ai,3405
subtronics,3399
guiyeralex,3381
blaketree,3357
quok,3350
kapslap,3322
dirtyaudio,3305
snoozegod,3300
sabba,3300
ivylab,3299
behind_cloud9,3297
_abjo,3294
boysnoize,3277
anjunadeep,3247
tokegod,3208
blackholerec,3173
tsuruda,3133
candyfliprecords,3125
roycemusic,3115
darnellwilliams,3092
peaktwilight,3086
girlpowa,3075
prodbymiracle,3071
smilehighclub,3041
ardenrecords,3015
auggievelarde,3008
marlusmusic,2981
finnuh,2973
anishkumar,2967
wakajaq,2940
imnoahguy,2935
rijell,2934
zazabeats,2925
tysu,2880
tetsarri,2873
paulineherr,2861
kevinthemonkey,2856
dabowmusic,2855
decapmusic,2837
xangriffin,2829
camarcher,2827
joeypecoraro,2827
laxcitymusic,2818
hiroyuki1006ina,2813
wearestereofox,2804
unitedbytruth,2785
gba,2770
smashrecordsent,2770
sencillomqm,2765
marsjam67,2760
jad_,2737
mikeshinoda,2728
charmerandklay,2704
radiocosmo_music,2703
slowmagic,2703
24hrs,2695
lofiarmy,2695
bidolofi,2692
jan_larz,2667
marcosicco,2639
dreamhop,2631
yoayzic,2614
sober_rob,2606
fourthdogma,2605
strijunior,2602
yesitsjule,2585
illexotic,2554
jayceeoh,2553
thisisbryvvn,2529
44k9s,2493
plsandtybased,2493
lolozouai,2474
playerdave,2469
rotofosho,2467
radiojuicy,2451
chillhop,2451
joshpan,2447
criticalmusic,2442
lilmayo,2432
prataphd,2432
killthenoise,2427
madhar,2424
rigariga,2424
hoodinternet,2421
bipeula_lofi,2416
badmouthrecords,2413
lookas,2402
tribemafia,2398
saitbeats,2383
kochunterzz,2382
rflowersmusic,2378
brozrdz,2360
whookilledkenny,2340
coldbrew,2339
hmsurf,2338
vale412,2330
raptrapradio,2314
_hawk_,2307
emiliorojas,2292
sickickmusic,2286
wreckitraph,2267
saknoel,2246
baauer,2243
noertheboy,2238
ericnsgclark,2227
audiusaudiusaudi,2216
feedyousalt,2214
adore,2202
ethgang,2202
dancingastro,2201
domeofdoom,2201
surcebeats,2191
partica,2176
sammyarriaga,2170
nosammusic,2168
villeruo,2166
bestmusictracks,2162
welcomerecs,2159
dreamplay7,2142
ryckjane,2135
petitbiscuit,2127
onumi,2125
ultmt,2114
rodneyo,2114
jimdotk,2109
umphreysmcgee,2094
juyal_1,2088
prexse,2062
sammyandlesen,2058
justagent,2055
nasterblue,2053
nobuddy,2038
mora,2029
dielectriclull,2017
nightswimradio,1999
bbjuelz,1986
streetdreams,1982
micahofficially,1972
imagiro,1952
manilakilla,1945
attlas,1945
akthesavior,1943
2020,1942
fellowtraveler,1926
beatsbysnug,1925
cousinlitt,1922
louisfutonbeats,1922
neuromaster,1919
lindecis,1911
starkmadethis,1909
gramatik,1903
vatroob,1893
unwantednoise,1892
malunez,1883
serpentale,1883
sirasounds,1873
sworramusic,1872
spottiewifi,1866
alvagomezz,1849
aboveandbelow,1848
magotox,1837
anjunabeats,1835
xxbridge,1834
mjcole,1827
subrift,1825
staffordbros,1810
chessmusicbeats,1806
beatsbybuns,1805
allgonnadie,1804
educatedoutlaw69,1801
minnesotabass,1798
mcglovin,1791
egosys,1787
enoughrec,1783
beat83,1776
hotelgaruda,1772
morristhefriend,1768
weaverbeats,1768
underbelly,1764
quantapeiron,1751
rocarol,1751
josiahsoren,1730
olivieridino,1728
kylekinch,1726
slr,1723
itsmeneedle,1712
ghostinreallife,1706
karinka,1706
amsoundstudios,1693
axian94,1689
3stakkmoney,1688
morecreativity,1684
lifted,1678
rnp1969,1675
palpalrecords,1675
russdiemon,1670
grouptherapydot,1653
themusicblender,1645
trapical_music,1636
gurfmusic,1632
onebotband,1628
stripess,1628
collabhavenrec,1626
djparental,1617
bobbysaint,1614
23oddcats,1612
galazy_music,1611
santangelo,1606
phortran,1602
kamileon,1600
mxiii_music,1599
macita,1596
chrisscholar,1582
maserati_metr33,1579
dj_dave____,1560
kxllswxtch,1552
mogotvibez,1548
donbanks,1546
islamicstate01,1542
atispdot,1542
fivefootshort,1536
spnxr_bach,1534
fifirong,1533
anwaaraddin,1525
teknein,1523
_ghostnaut_,1521
octobermonday,1521
cloudvonsmoke,1517
mollymcphaul,1516
jmlozach,1516
dukeandjones,1514
vantagenoise,1513
shamz420,1510
keanuaer,1504
topshelfrecords,1499
mattrickbeats,1495
teowav,1495
zyramusic,1494
usibe,1491
thatskenny,1488
rickyvaughnofc,1487
nakedverse,1482
lofijazzsoul,1476
middlechilddan,1476
oatmello,1475
foolparsley,1474
soundslikesaka,1464
rzuma,1461
mamaaiuto,1460
thebronzewhale,1457
muslumgurses,1455
kidchaosnation,1454
trader_keci,1454
stevedoesmusic,1454
heysus432hz,1448
filsdeluxe,1447
madsroli,1443
test_tube,1440
shipwrekdj,1439
diegomrproducer,1430
darksidedarci,1430
flume,1427
sj_rm,1422
jayv,1420
goodkarmarecords,1416
yeldarb,1415
colsonxl,1407
kadiumradium,1399
ramonpang,1397
lottaboom,1395
steveaoki,1393
lotophagus,1389
mr_jello,1387
samharadev,1387
simpllsin,1387
fatherdude,1381
chiefdijon,1379
electedofficials,1377
quki,1374
foxmusic,1373
allankingdom,1368
moneyup,1367
cassiusclifford,1367
trulythesound,1363
smokeyann,1361
killy,1358
danny.quest,1357
feldt,1357
cryptoglyphics21,1356
sanholobeats,1350
jacknifemusic,1350
rohki,1349
brennengrey,1344
dcuttermusic,1342
angelina_alexon,1341
sxmniak,1337
kronie,1335
officialalpha23,1332
zaza,1330
choice,1326
chillplanet,1325
super_tyte,1324
beatslove,1322
danielallan,1322
sollymargo,1321
eliminamusic,1312
guayabarecords,1311
jazzhop,1304
killparis,1304
caseinmusic,1304
futurevibes,1302
blondie,1298
winkandw00,1297
bradyjames,1288
symbioticcrowd,1286
glasgowunderground,1280
monist,1277
daisyguttridge,1276
vntmofficial,1274
thook,1273
holasoyneto,1271
karmakarunamusic,1269
sui,1268
lofi_universe,1264
enluv,1256
leothekind,1251
theturtleproject,1248
kiddkiddrllnr9,1246
hoshernande2,1245
akirathedon,1244
beatsbyexplore,1243
mimundoleo,1243
feedbachmusic,1241
kristophgalland,1239
emmitfenn,1239
anasheed,1237
chilling,1233
aspirehigher,1232
svrite,1229
test_centre,1227
mancient_one,1227
ilikecokekd,1225
badneighbors,1223
fendipapi8,1222
revealedrec,1221
lychee,1221
djdavidduriez,1212
rijanarcher,1208
temerity,1208
emaflu,1206
barqsboy,1205
cyber7710,1198
beech,1195
chakrarecords,1194
partypreet,1190
phace,1189
louisthechild,1186
vanity_among,1181
_lathegreat,1181
mizterbonezzmusic,1180
griz,1178
gondo999,1177
linearwave,1177
thebaileyb,1176
trealboiiii,1163
svansyvonswansea,1162
lodge_records,1162
ncsounds,1161
kevinmckay,1161
composersquad,1160
easymidas60,1160
belladonnaband,1156
tuggster,1154
kelland,1153
mab,1151
lawsy,1144
frizofficial,1142
escobeats,1141
dreamsneverdie,1140
vsnaire,1137
steezyprime,1137
daktyl,1135
test_subject,1135
fijimacintosh,1135
firebeatz,1132
gedemusic,1132
unnecessary,1129
_mitchiem,1127
bamf,1123
brokenkites,1119
mr_tav,1118
renga,1106
ramajeroc,1106
arv,1104
plfgworld,1102
yvsvf,1102
krownchakramusik,1098
electronyzeme,1097
adam24,1093
antarchitecture,1090
theboombox8,1087
erickt_mx,1086
speelburg,1085
wigglework,1085
phreneticus,1079
dlj,1076
paperskies,1074
mico,1074
electricwave,1073
diplo,1072
indusrush,1071
saturate,1070
slangdogs,1070
smiththemister,1069
ezzyland,1067
thauno,1065
sunshy,1060
c152music,1058
rustyjazmotor,1058
cenaunderground,1057
madeaux,1054
_tetsu,1052
meekthageek,1052
denniden__,1049
harrisonlace,1042
mattox,1042
stranjah,1042
gax,1039
mehromusic,1036
pome,1035
shockfacemusic,1033
vibedigital,1032
paklite_music,1028
creativeself,1019
federicomartin,1018
magmalows,1013
akiramadethat,1010
spaceyacht,1009
iamdopel,1009
famous_dyl,1008
aceoftrains,1007
smolbean,1007
al_doms,1006
cheekibeats,1005
laimon,1004
nob1e,1001
phl3m,1000
kahtnipp,998
quantumdjinn,998
miny,996
onlyconner,995
king_emmitt,994
tizzle,992
fortuneyellers,990
jaron,985
therealdeadclaw,980
pri2m,978
pandaslugger,977
antiguaswingclub,975
przm,973
jayb1rdmusic,973
icarus,973
mikkomarjamaki,973
voltra,972
highviberecords,971
imbusy,971
hadjigaviota,970
grange,968
bbmwine_0,968
lastopinion,967
noogy,967
laneriley,966
angelomota,965
qgrecs,961
froootmusic,961
srsnsound,961
carsmac89,959
vhsgus,957
msft,956
solarsounds,956
elment,955
rightg00d,952
elijahisreal1,952
santpoort,952
eastghost,952
soundsbymystic,950
jadedofficial,950
bonsaicollct,949
nonacytlem,949
a.non.ms,948
squeedabeats,947
peterkuli,946
gswan28,944
dretek20,942
selahonline,941
ykashni,939
goodtimesahead,938
nomusicbad,938
trol,935
guitarwhisperer,934
kmir5,931
alexmartian,929
albinloan,928
smizthemoneykid,928
stevejames,924
drtikov,922
snailmusic,922
ophelia_records,920
donwittit,920
rosva,919
joehasseltine,917
futuregeneration,916
ajussione,915
thesecondchild,912
kiabits,909
harvey_twyman,909
dujak,909
sotuffsocute,908
kevjumba,904
omgkirbydao,903
reddino,902
sofasound,900
gianniandkyle,899
raygarrison,899
lento,899
nothingtosay,898
umdotdot,898
behindthebeats,896
justicialista__,896
78ninemusic,896
donjuan,894
anthonydrawn,894
rayjacobson,892
madjinbea,891
eroticcafe,891
jwcudd,891
ahrenmerz,890
goodknight___,889
simiux,889
weezer,888
floorjansen_,888
maplesyrup,887
basstbonemusic,886
jworra,886
tutarapeak,886
sleepermane,885
mindypiano,884
proximity,879
mrbillstunes,879
l3ug23,879
younghustle,875
heshmane,875
dll,874
cartercruise,874
tomasmika,873
manzobeat,873
jayxvee,872
siasmusic,872
iamginchy,872
ultraklystron,869
ofthetrees,869
ill_esha,865
roadrunnertb,865
missfrancon,864
lizayohannes,863
yonderling,863
kaiencruz,859
newviberadio1,857
blackcarlbass,856
linanthem_,856
kino_________,855
ekalimusic,855
iamcgbeats,854
swamisound,850
morganpage,850
eyezsoft,848
ilanrubin,846
cloud_music,845
jimmyqmusic,845
kurtis_tyler,844
ovaryannihilator,844
an_ty,842
britec,842
boubasavage,841
radicalone,839
iaintthesame,838
mirrorkissesva,838
luvwn,838
calybev,837
viniloversus,836
bafubeats,835
sakurababeats,834
jy_artist,834
djhappycolors,833
grandkhai,832
madpritch,831
anie_delgado,830
5thquarter,830
imbn,829
col3trane,828
tombudin,826
lorf,822
titomahi,822
okaybears,821
umysbeats,818
snavs,815
13pifjpoij,813
equanimous,812
smoke_dza,812
guilbrito,810
ravenrapid,808
stanfolds,805
excision,803
theholdupmusic,803
es135_dada,802
estelladawnmusic,802
bennyclavis,801
yheti,801
quicklyquickly,800
domigan,799
baybay4tre,798
audiusworkouts,795
bostn64,793
prodwhoru,792
iamattican,792
kostenkobrothers,791
cashbay,790
soundsaidlook,790
sneakyfox,790
avara,788
jstjr,787
eduardokreca,787
planetzuzy,787
juandileju,786
livelyrhymes,785
taymcginnis012,782
peacefullmusic,781
dombresky,781
tharpious,779
martyparty,778
joncaseybeats,777
sincerelytobi,776
elmotochh,773
sp8,773
ninalasvegas,772
ccixsins,770
maeminoyume,770
luciddreamlofi,769
kikechacin,769
chaingangof1974,767
wearefurymusic,767
scummysunny,766
rauschmusic,765
diaspace,764
fluxpavilion,762
pzyccorecs,762
gspacemusic,760
studychill,759
sadbalmain,759
chrisdogzout,759
darrylgreer,758
mvxxx,758
schade,758
zekeymusic,757
adannaduru,757
oxladeofficial,756
ice1992,753
s_mething,753
day_go_bye,752
sovietkid,752
jkuchmusic,752
maestrohastings,752
djyoungslade,751
marcosjapasamba,750
michael,749
dotmvsic,749
dth_rbrth,749
goondesgarcons,748
shakambo,746
notonft,745
candylanddjs,745
acryliclabel,745
mirmusica,744
shoffymusic,744
pontr0x,743
mazaremusic,742
grizzlydor,742
completecontrol,739
maze_cricket,739
epitomemusic,739
soulonebeats,738
fattybass,738
dreholzer,737
salamcarther,737
sleeppowder,731
karavelo,731
rootnote,729
lagoonychonga,728
iamjsan,727
pacificpatterns,727
dead_digi,724
sosusmusic,724
thenytclub,723
drtikovpro,723
godfreymeyer,723
tobyschay,723
souletiquette,722
drippysoup,722
onhellmusic,721
cardi_b,718
maak_g,715
gacygeins,715
ambulo,714
looselion,714
riotmusic,713
elex_page,713
man12167280,710
theaudiblec,709
druggy,709
stickfiguredub,708
pauly,707
felly,706
soyvibn,706
whoisgiomani,704
whoisazar,703
lyssounds,701
kolor,700
pixelwaxmusic,700
sanpachomusic,699
covexmusic,695
ogbritto,692
tommynewport,690
3ballmty,690
henryfong,689
dvst8,687
dotmato,687
saintpunkmusic,687
twerlbeats,687
souljaboy,686
rocksteadyrobot,685
theyeunghuman,683
isabella_losada,681
smoovethegreat,680
santosdela,680
nghtmre,679
akiragautama,678
hyghlofimusic,677
grahammalice,677
lojmusic,677
krewella,677
eighteenplus,676
matiasxmusic,675
teixo,675
dpshtph,674
nascent,672
mr,672
defiagainst,671
fomomusic,670
bobbydreamzbig,670
samcrossmusic,669
metawoofer,668
nydia_beats,667
sadface,667
enochssalm,666
buunshin,666
bamdad,666
albertcandela,666
iconoschill,665
beaumonthenry,664
madebyfilth,664
soothermusic,664
nxsty,664
waxmotif,663
ferrarijetpack,662
xeiregotie,661
senjienz,660
drowningman,657
essieruss,656
herchi_chill,652
planofpeace,650
athdexy,648
mounga,647
clozeeofficial,646
itsmeridian,646
maiworld,645
iammanada,645
sadboysnow,645
funtcaseuk,644
medmc,644
aqvarec,643
grexbeatz,643
romderful,643
obluemusic,643
midnightalpha,642
tigeronthelawn,642
toomanyflowers__,641
loficlouds,641
ogjay_you,639
neutralbliss,638
emiilo,637
codaclef,636
abaddon,636
ell1psis,635
jessicajolia,634
jonilism,634
formalprocess,633
cumulusfrisbee,633
rrreikko,633
artdob_music,632
er7879,631
pantology,631
surayofficial,630
tamahoochie,630
richardcastillo,627
uncle_ski,627
30empire,627
trentonlundy,627
entro,626
mutimusic,625
comte,624
eklipse_project,623
vandal,622
mindhush,621
whoislavoyce,618
kant1742,617
iloilo,617
isaria,616
wc_ccbg,614
lostboy,612
sincek_getfunk,612
tendasenda,612
schranzonator,612
ethanplus_,612
zacleritz,611
nonconformist,611
dreamtwat,610
desmondfoster,610
menlo,609
user_080613,608
eneimusique,607
subtlemind,607
marianarevilla1,605
onthehunt,604
spliff22,604
brendavega,604
realcolliebuddz,603
hybridtrap,603
deathpact,601
plastician,601
rayraythepoet,600
frvncomusic,600
geniusc0rp,600
artbyform,599
kaelinellis,599
_skyswimming,598
lockboxmusic,598
10gri,598
dividedsouls,597
pharmaceutical,596
malemoaning,596
grimebreezy,595
whaskii,595
euphoryn,595
thehomiedreebo,595
dylgregz,593
elheist,593
oliveriolujan,592
lucidmonday,592
tiedyeky,592
valee,591
lovesongs,591
wolfsonbience,590
opankagh,589
justdeadsounds,589
n0zero,589
yorayburger,588
edkeziah,587
terrorreid,587
yirsi,587
jimi_latifi,587
djhanzel,586
victor,584
jmkm,583
scottish_force,583
davidduriez,582
zsirk,581
awakeninglabel,581
tibeau,580
marcoo,579
mhs,579
bueycanosa,578
rockguitarmodes,578
basstrickmusic,578
sunnylukas,578
inverness,577
jon_lirity,577
halogenix,576
djalfredbeck,575
ghastly,575
musicdallaserra,573
v_a_l_e,573
jfbm,572
nocapshows,572
eloq,572
sir_longabonga,571
zod1ac,569
theoooooo,569
zenaware,569
bleuiloveyou,568
trvpinsteinbeats,565
binx,565
praisegod,564
enlia,564
drakebell,563
trashdotman,562
nivoznivoto,561
ameba,561
whatsonot,561
themusic,561
shibbalmusic,560
jptheking16,560
nomic_music,559
recklessryan,558
justbighillsnl,558
yanmi,558
hallucinate,558
soundcisco,557
experibass,557
djgalactic,557
oliver11gwr,556
poli_officiel,556
fnxmovement,556
verite,555
peterw,555
perfetto,554
rodridii,553
jvckj,553
gunk,553
finesto,552
emancipator,552
bybrentindavis,551
holoholomusic,551
astrosumeru,550
markcastdj,550
spicycakerec,549
michaelson,549
arenakian,549
nicosabasalem,549
kidcassette,549
focalflareaudio,549
fatmanstudio,548
worldadmins,548
tokyopill,548
syntetisaattori,547
audiusbryce,546
thedeadrabbits,546
enjoysaintjames,546
initia,546
joeiaco,543
thehellwalker,543
elixirnoises,542
maxxlive_,539
mildmind,539
planetv,539
sagrado,537
dunnowhomusic,537
gh0st,537
iamganz,536
rajathetiger,536
iamryanlittle,536
prodbykeeks,536
aadysi,535
nospirit,534
kainbeats,534
bsdu,534
djalegt,534
laconic,533
90degreesound,531
lalasanja,531
ellzoofficial,530
titubeats,530
veggibeats,530
localdialect,530
michaelmontes,529
flowmusiq,529
noisejunkie,528
fiori_ds,527
brauxelion,526
mfeistee,526
benobeats_,526
morethanindie,526
morganjmusic,525
mrpiko,524
thewav,524
getterofficial,523
tribaltrap,523
declares,523
aruarian,522
mayhempaul,522
somfunk,522
djphantomofficie,522
lemaestromind,522
sweeppah,521
beatsbypao,521
cloudkid,521
dualsenses,521
aviencloud,520
burbank,520
willjordanmusic,519
unclecatfish,519
cyxeris,519
fih,519
chrisyonge,518
pivalk,518
talohabeats,518
wavecraftco,518
dopplar,517
tomfinster,517
macaq__,517
ghostrifter,516
christianjalon,515
blkzen,515
fr34ksh0ww1ll0w,514
wolfz,514
jauzofficial,514
haribo_pi,514
wolfcity,514
illzeewill,514
toougly,513
floydzion,513
pitre,512
middlechild,511
turboprod,510
brkwdrcrd,510
sykotix,510
sofiasound,510
beatsbyzer0,509
beatsbyesk,508
cryptofra,507
thewaitinglist,507
dirtnowitzki01,506
druidbeats,506
sideb,506
jesseschilling,506
bakergracemusic,505
mov,505
tanayaseto,505
dontlisten,505
bendavidmusic,504
stylss,504
deadcrow,502
illuminatedsou3,502
roqario,501
hoopee,501
droppagembeat,500
42024brand,500
nosteps,500
rumenation,500